Time;trb_m1;trb_m3;trb_m6;trb_m12;trcr_m1;trcr_m3;trcr_m6;trcr_y1;trcr_y2;trcr_y3;trcr_y5;trcr_y7;trcr_y10;trcr_y20;trcr_y30
01/01/1934;;0.72;;;;;;;;;;;;;
02/01/1934;;0.62;;;;;;;;;;;;;
03/01/1934;;0.24;;;;;;;;;;;;;
04/01/1934;;0.15;;;;;;;;;;;;;
05/01/1934;;0.16;;;;;;;;;;;;;
06/01/1934;;0.15;;;;;;;;;;;;;
07/01/1934;;0.15;;;;;;;;;;;;;
08/01/1934;;0.19;;;;;;;;;;;;;
09/01/1934;;0.21;;;;;;;;;;;;;
10/01/1934;;0.27;;;;;;;;;;;;;
11/01/1934;;0.25;;;;;;;;;;;;;
12/01/1934;;0.23;;;;;;;;;;;;;
01/01/1935;;0.2;;;;;;;;;;;;;
02/01/1935;;0.19;;;;;;;;;;;;;
03/01/1935;;0.15;;;;;;;;;;;;;
04/01/1935;;0.15;;;;;;;;;;;;;
05/01/1935;;0.15;;;;;;;;;;;;;
06/01/1935;;0.15;;;;;;;;;;;;;
07/01/1935;;0.15;;;;;;;;;;;;;
08/01/1935;;0.16;;;;;;;;;;;;;
09/01/1935;;0.2;;;;;;;;;;;;;
10/01/1935;;0.2;;;;;;;;;;;;;
11/01/1935;;0.16;;;;;;;;;;;;;
12/01/1935;;0.15;;;;;;;;;;;;;
01/01/1936;;0.2;;;;;;;;;;;;;
02/01/1936;;0.2;;;;;;;;;;;;;
03/01/1936;;0.2;;;;;;;;;;;;;
04/01/1936;;0.2;;;;;;;;;;;;;
05/01/1936;;0.2;;;;;;;;;;;;;
06/01/1936;;0.2;;;;;;;;;;;;;
07/01/1936;;0.15;;;;;;;;;;;;;
08/01/1936;;0.2;;;;;;;;;;;;;
09/01/1936;;0.16;;;;;;;;;;;;;
10/01/1936;;0.13;;;;;;;;;;;;;
11/01/1936;;0.11;;;;;;;;;;;;;
12/01/1936;;0.12;;;;;;;;;;;;;
01/01/1937;;0.17;;;;;;;;;;;;;
02/01/1937;;0.15;;;;;;;;;;;;;
03/01/1937;;0.38;;;;;;;;;;;;;
04/01/1937;;0.56;;;;;;;;;;;;;
05/01/1937;;0.41;;;;;;;;;;;;;
06/01/1937;;0.36;;;;;;;;;;;;;
07/01/1937;;0.28;;;;;;;;;;;;;
08/01/1937;;0.29;;;;;;;;;;;;;
09/01/1937;;0.31;;;;;;;;;;;;;
10/01/1937;;0.2;;;;;;;;;;;;;
11/01/1937;;0.09;;;;;;;;;;;;;
12/01/1937;;0.11;;;;;;;;;;;;;
01/01/1938;;0.1;;;;;;;;;;;;;
02/01/1938;;0.08;;;;;;;;;;;;;
03/01/1938;;0.08;;;;;;;;;;;;;
04/01/1938;;0.09;;;;;;;;;;;;;
05/01/1938;;0.05;;;;;;;;;;;;;
06/01/1938;;0.05;;;;;;;;;;;;;
07/01/1938;;0.07;;;;;;;;;;;;;
08/01/1938;;0.06;;;;;;;;;;;;;
09/01/1938;;0.08;;;;;;;;;;;;;
10/01/1938;;0.05;;;;;;;;;;;;;
11/01/1938;;0.04;;;;;;;;;;;;;
12/01/1938;;0.03;;;;;;;;;;;;;
01/01/1939;;0.03;;;;;;;;;;;;;
02/01/1939;;0.03;;;;;;;;;;;;;
03/01/1939;;0.03;;;;;;;;;;;;;
04/01/1939;;0.03;;;;;;;;;;;;;
05/01/1939;;0.03;;;;;;;;;;;;;
06/01/1939;;0.03;;;;;;;;;;;;;
07/01/1939;;0.04;;;;;;;;;;;;;
08/01/1939;;0.05;;;;;;;;;;;;;
09/01/1939;;0.14;;;;;;;;;;;;;
10/01/1939;;0.05;;;;;;;;;;;;;
11/01/1939;;0.05;;;;;;;;;;;;;
12/01/1939;;0.04;;;;;;;;;;;;;
01/01/1940;;0.01;;;;;;;;;;;;;
02/01/1940;;0.02;;;;;;;;;;;;;
03/01/1940;;0.02;;;;;;;;;;;;;
04/01/1940;;0.02;;;;;;;;;;;;;
05/01/1940;;0.06;;;;;;;;;;;;;
06/01/1940;;0.1;;;;;;;;;;;;;
07/01/1940;;0.05;;;;;;;;;;;;;
08/01/1940;;0.04;;;;;;;;;;;;;
09/01/1940;;0.05;;;;;;;;;;;;;
10/01/1940;;0.02;;;;;;;;;;;;;
11/01/1940;;0.02;;;;;;;;;;;;;
12/01/1940;;0.02;;;;;;;;;;;;;
01/01/1941;;0.02;;;;;;;;;;;;;
02/01/1941;;0.04;;;;;;;;;;;;;
03/01/1941;;0.11;;;;;;;;;;;;;
04/01/1941;;0.1;;;;;;;;;;;;;
05/01/1941;;0.11;;;;;;;;;;;;;
06/01/1941;;0.12;;;;;;;;;;;;;
07/01/1941;;0.12;;;;;;;;;;;;;
08/01/1941;;0.13;;;;;;;;;;;;;
09/01/1941;;0.1;;;;;;;;;;;;;
10/01/1941;;0.09;;;;;;;;;;;;;
11/01/1941;;0.28;;;;;;;;;;;;;
12/01/1941;;0.33;;;;;;;;;;;;;
01/01/1942;;0.27;;;;;;;;;;;;;
02/01/1942;;0.25;;;;;;;;;;;;;
03/01/1942;;0.25;;;;;;;;;;;;;
04/01/1942;;0.32;;;;;;;;;;;;;
05/01/1942;;0.37;;;;;;;;;;;;;
06/01/1942;;0.37;;;;;;;;;;;;;
07/01/1942;;0.38;;;;;;;;;;;;;
08/01/1942;;0.38;;;;;;;;;;;;;
09/01/1942;;0.38;;;;;;;;;;;;;
10/01/1942;;0.38;;;;;;;;;;;;;
11/01/1942;;0.38;;;;;;;;;;;;;
12/01/1942;;0.38;;;;;;;;;;;;;
01/01/1943;;0.38;;;;;;;;;;;;;
02/01/1943;;0.38;;;;;;;;;;;;;
03/01/1943;;0.38;;;;;;;;;;;;;
04/01/1943;;0.38;;;;;;;;;;;;;
05/01/1943;;0.38;;;;;;;;;;;;;
06/01/1943;;0.38;;;;;;;;;;;;;
07/01/1943;;0.38;;;;;;;;;;;;;
08/01/1943;;0.38;;;;;;;;;;;;;
09/01/1943;;0.38;;;;;;;;;;;;;
10/01/1943;;0.38;;;;;;;;;;;;;
11/01/1943;;0.38;;;;;;;;;;;;;
12/01/1943;;0.38;;;;;;;;;;;;;
01/01/1944;;0.38;;;;;;;;;;;;;
02/01/1944;;0.38;;;;;;;;;;;;;
03/01/1944;;0.38;;;;;;;;;;;;;
04/01/1944;;0.38;;;;;;;;;;;;;
05/01/1944;;0.38;;;;;;;;;;;;;
06/01/1944;;0.38;;;;;;;;;;;;;
07/01/1944;;0.38;;;;;;;;;;;;;
08/01/1944;;0.38;;;;;;;;;;;;;
09/01/1944;;0.38;;;;;;;;;;;;;
10/01/1944;;0.38;;;;;;;;;;;;;
11/01/1944;;0.38;;;;;;;;;;;;;
12/01/1944;;0.38;;;;;;;;;;;;;
01/01/1945;;0.38;;;;;;;;;;;;;
02/01/1945;;0.38;;;;;;;;;;;;;
03/01/1945;;0.38;;;;;;;;;;;;;
04/01/1945;;0.38;;;;;;;;;;;;;
05/01/1945;;0.38;;;;;;;;;;;;;
06/01/1945;;0.38;;;;;;;;;;;;;
07/01/1945;;0.38;;;;;;;;;;;;;
08/01/1945;;0.38;;;;;;;;;;;;;
09/01/1945;;0.38;;;;;;;;;;;;;
10/01/1945;;0.38;;;;;;;;;;;;;
11/01/1945;;0.38;;;;;;;;;;;;;
12/01/1945;;0.38;;;;;;;;;;;;;
01/01/1946;;0.38;;;;;;;;;;;;;
02/01/1946;;0.38;;;;;;;;;;;;;
03/01/1946;;0.38;;;;;;;;;;;;;
04/01/1946;;0.38;;;;;;;;;;;;;
05/01/1946;;0.38;;;;;;;;;;;;;
06/01/1946;;0.38;;;;;;;;;;;;;
07/01/1946;;0.38;;;;;;;;;;;;;
08/01/1946;;0.38;;;;;;;;;;;;;
09/01/1946;;0.38;;;;;;;;;;;;;
10/01/1946;;0.38;;;;;;;;;;;;;
11/01/1946;;0.38;;;;;;;;;;;;;
12/01/1946;;0.38;;;;;;;;;;;;;
01/01/1947;;0.38;;;;;;;;;;;;;
02/01/1947;;0.38;;;;;;;;;;;;;
03/01/1947;;0.38;;;;;;;;;;;;;
04/01/1947;;0.38;;;;;;;;;;;;;
05/01/1947;;0.38;;;;;;;;;;;;;
06/01/1947;;0.38;;;;;;;;;;;;;
07/01/1947;;0.66;;;;;;;;;;;;;
08/01/1947;;0.75;;;;;;;;;;;;;
09/01/1947;;0.8;;;;;;;;;;;;;
10/01/1947;;0.85;;;;;;;;;;;;;
11/01/1947;;0.92;;;;;;;;;;;;;
12/01/1947;;0.95;;;;;;;;;;;;;
01/01/1948;;0.97;;;;;;;;;;;;;
02/01/1948;;1;;;;;;;;;;;;;
03/01/1948;;1;;;;;;;;;;;;;
04/01/1948;;1;;;;;;;;;;;;;
05/01/1948;;1;;;;;;;;;;;;;
06/01/1948;;1;;;;;;;;;;;;;
07/01/1948;;1;;;;;;;;;;;;;
08/01/1948;;1.06;;;;;;;;;;;;;
09/01/1948;;1.09;;;;;;;;;;;;;
10/01/1948;;1.12;;;;;;;;;;;;;
11/01/1948;;1.14;;;;;;;;;;;;;
12/01/1948;;1.16;;;;;;;;;;;;;
01/01/1949;;1.17;;;;;;;;;;;;;
02/01/1949;;1.17;;;;;;;;;;;;;
03/01/1949;;1.17;;;;;;;;;;;;;
04/01/1949;;1.17;;;;;;;;;;;;;
05/01/1949;;1.17;;;;;;;;;;;;;
06/01/1949;;1.17;;;;;;;;;;;;;
07/01/1949;;1.02;;;;;;;;;;;;;
08/01/1949;;1.04;;;;;;;;;;;;;
09/01/1949;;1.07;;;;;;;;;;;;;
10/01/1949;;1.05;;;;;;;;;;;;;
11/01/1949;;1.08;;;;;;;;;;;;;
12/01/1949;;1.1;;;;;;;;;;;;;
01/01/1950;;1.07;;;;;;;;;;;;;
02/01/1950;;1.12;;;;;;;;;;;;;
03/01/1950;;1.12;;;;;;;;;;;;;
04/01/1950;;1.15;;;;;;;;;;;;;
05/01/1950;;1.16;;;;;;;;;;;;;
06/01/1950;;1.15;;;;;;;;;;;;;
07/01/1950;;1.16;;;;;;;;;;;;;
08/01/1950;;1.2;;;;;;;;;;;;;
09/01/1950;;1.3;;;;;;;;;;;;;
10/01/1950;;1.31;;;;;;;;;;;;;
11/01/1950;;1.36;;;;;;;;;;;;;
12/01/1950;;1.34;;;;;;;;;;;;;
01/01/1951;;1.34;;;;;;;;;;;;;
02/01/1951;;1.36;;;;;;;;;;;;;
03/01/1951;;1.4;;;;;;;;;;;;;
04/01/1951;;1.47;;;;;;;;;;;;;
05/01/1951;;1.55;;;;;;;;;;;;;
06/01/1951;;1.45;;;;;;;;;;;;;
07/01/1951;;1.56;;;;;;;;;;;;;
08/01/1951;;1.62;;;;;;;;;;;;;
09/01/1951;;1.63;;;;;;;;;;;;;
10/01/1951;;1.54;;;;;;;;;;;;;
11/01/1951;;1.56;;;;;;;;;;;;;
12/01/1951;;1.73;;;;;;;;;;;;;
01/01/1952;;1.57;;;;;;;;;;;;;
02/01/1952;;1.54;;;;;;;;;;;;;
03/01/1952;;1.59;;;;;;;;;;;;;
04/01/1952;;1.57;;;;;;;;;;;;;
05/01/1952;;1.67;;;;;;;;;;;;;
06/01/1952;;1.7;;;;;;;;;;;;;
07/01/1952;;1.81;;;;;;;;;;;;;
08/01/1952;;1.83;;;;;;;;;;;;;
09/01/1952;;1.71;;;;;;;;;;;;;
10/01/1952;;1.74;;;;;;;;;;;;;
11/01/1952;;1.85;;;;;;;;;;;;;
12/01/1952;;2.09;;;;;;;;;;;;;
01/01/1953;;1.96;;;;;;;;;;;;;
02/01/1953;;1.97;;;;;;;;;;;;;
03/01/1953;;2.01;;;;;;;;;;;;;
04/01/1953;;2.19;;;;;;2.36;;2.51;2.62;;2.83;3.08;
05/01/1953;;2.16;;;;;;2.48;;2.72;2.87;;3.05;3.18;
06/01/1953;;2.11;;;;;;2.45;;2.74;2.94;;3.11;3.21;
07/01/1953;;2.04;;;;;;2.38;;2.62;2.75;;2.93;3.12;
08/01/1953;;2.04;;;;;;2.28;;2.58;2.8;;2.95;3.1;
09/01/1953;;1.79;;;;;;2.2;;2.56;2.71;;2.87;3.07;
10/01/1953;;1.38;;;;;;1.79;;2.23;2.43;;2.66;2.95;
11/01/1953;;1.44;;;;;;1.67;;2.2;2.42;;2.68;2.95;
12/01/1953;;1.6;;;;;;1.66;;2.07;2.32;;2.59;2.89;
01/01/1954;;1.18;;;;;;1.41;;1.89;2.17;;2.48;2.8;
02/01/1954;;0.97;;;;;;1.14;;1.63;2.04;;2.47;2.72;
03/01/1954;;1.03;;;;;;1.13;;1.59;1.93;;2.37;2.61;
04/01/1954;;0.97;;;;;;0.96;;1.54;1.87;;2.29;2.6;
05/01/1954;;0.76;;;;;;0.85;;1.56;1.92;;2.37;2.66;
06/01/1954;;0.64;;;;;;0.82;;1.53;1.92;;2.38;2.64;
07/01/1954;;0.72;;;;;;0.84;;1.47;1.85;;2.3;2.57;
08/01/1954;;0.92;;;;;;0.88;;1.49;1.9;;2.36;2.58;
09/01/1954;;1.01;;;;;;1.03;;1.6;1.96;;2.38;2.6;
10/01/1954;;0.98;;;;;;1.17;;1.72;2.02;;2.43;2.61;
11/01/1954;;0.93;;;;;;1.14;;1.75;2.09;;2.48;2.65;
12/01/1954;;1.15;;;;;;1.21;;1.81;2.16;;2.51;2.67;
01/01/1955;;1.22;;;;;;1.39;;1.99;2.32;;2.61;2.75;
02/01/1955;;1.17;;;;;;1.57;;2.12;2.38;;2.65;2.83;
03/01/1955;;1.28;;;;;;1.59;;2.26;2.48;;2.68;2.84;
04/01/1955;;1.59;;;;;;1.75;;2.37;2.55;;2.75;2.85;
05/01/1955;;1.45;;;;;;1.9;;2.37;2.56;;2.76;2.87;
06/01/1955;;1.41;;;;;;1.91;;2.39;2.59;;2.78;2.86;
07/01/1955;;1.6;;;;;;2.02;;2.51;2.72;;2.9;2.94;
08/01/1955;;1.9;;;;;;2.37;;2.72;2.86;;2.97;3.01;
09/01/1955;;2.07;;;;;;2.36;;2.69;2.85;;2.97;3;
10/01/1955;;2.23;;;;;;2.39;;2.62;2.76;;2.88;2.93;
11/01/1955;;2.24;;;;;;2.48;;2.73;2.81;;2.89;2.93;
12/01/1955;;2.54;;;;;;2.73;;2.88;2.93;;2.96;2.98;
01/01/1956;;2.41;;;;;;2.58;;2.78;2.84;;2.9;2.94;
02/01/1956;;2.32;;;;;;2.49;;2.67;2.74;;2.84;2.91;
03/01/1956;;2.25;;;;;;2.61;;2.89;2.93;;2.96;2.99;
04/01/1956;;2.6;;;;;;2.92;;3.19;3.2;;3.18;3.14;
05/01/1956;;2.61;;;;;;2.94;;3.08;3.08;;3.07;3.06;
06/01/1956;;2.49;;;;;;2.74;;2.95;2.97;;3;3;
07/01/1956;;2.31;;;;;;2.76;;3.06;3.12;;3.11;3.08;
08/01/1956;;2.6;;;;;;3.1;;3.39;3.41;;3.33;3.22;
09/01/1956;;2.84;;;;;;3.35;;3.5;3.47;;3.38;3.28;
10/01/1956;;2.9;;;;;;3.28;;3.4;3.4;;3.34;3.26;
11/01/1956;;2.99;;;;;;3.44;;3.57;3.56;;3.49;3.37;
12/01/1956;;3.21;;;;;;3.68;;3.76;3.7;;3.59;3.45;
01/01/1957;;3.11;;;;;;3.37;;3.46;3.47;;3.46;3.41;
02/01/1957;;3.1;;;;;;3.38;;3.42;3.39;;3.34;3.3;
03/01/1957;;3.08;;;;;;3.42;;3.47;3.46;;3.41;3.32;
04/01/1957;;3.07;;;;;;3.49;;3.53;3.53;;3.48;3.4;
05/01/1957;;3.06;;;;;;3.48;;3.61;3.64;;3.6;3.49;
06/01/1957;;3.29;;;;;;3.65;;3.8;3.83;;3.8;3.65;
07/01/1957;;3.16;;;;;;3.81;;3.96;4;;3.93;3.72;
08/01/1957;;3.37;;;;;;4.01;;4.02;4;;3.93;3.75;
09/01/1957;;3.53;;;;;;4.07;;4.06;4.03;;3.92;3.73;
10/01/1957;;3.58;;;;;;4.01;;4.09;4.08;;3.97;3.76;
11/01/1957;;3.31;;;;;;3.57;;3.7;3.72;;3.72;3.61;
12/01/1957;;3.04;;;;;;3.18;;3.11;3.08;;3.21;3.38;
01/01/1958;;2.44;;;;;;2.65;;2.78;2.88;;3.09;3.27;
02/01/1958;;1.53;;;;;;1.99;;2.58;2.78;;3.05;3.31;
03/01/1958;;1.3;;;;;;1.84;;2.4;2.64;;2.98;3.29;
04/01/1958;;1.13;;;;;;1.45;;2.15;2.46;;2.88;3.17;
05/01/1958;;0.91;;;;;;1.37;;2.07;2.41;;2.92;3.17;
06/01/1958;;0.83;;;;;;1.23;;2.08;2.46;;2.97;3.23;
07/01/1958;;0.91;;;;;;1.61;;2.42;2.77;;3.2;3.39;
08/01/1958;;1.69;;;;;;2.5;;3.06;3.29;;3.54;3.65;
09/01/1958;;2.44;;;;;;3.05;;3.52;3.69;;3.76;3.8;
10/01/1958;;2.63;;;;;;3.19;;3.67;3.78;;3.8;3.81;
11/01/1958;;2.67;;;;;;3.1;;3.6;3.7;;3.74;3.76;
12/01/1958;;2.77;3.01;;;;;3.29;;3.72;3.82;;3.86;3.86;
01/01/1959;;2.82;3.09;;;;;3.36;;3.91;4.01;;4.02;3.95;
02/01/1959;;2.7;3.13;;;;;3.54;;3.92;3.96;;3.96;3.96;
03/01/1959;;2.8;3.13;;;;;3.61;;3.97;3.99;;3.99;3.99;
04/01/1959;;2.95;3.27;;;;;3.72;;4.03;4.12;;4.12;4.06;
05/01/1959;;2.84;3.33;;;;;3.96;;4.25;4.35;;4.31;4.13;
06/01/1959;;3.21;3.52;;;;;4.07;;4.52;4.5;;4.34;4.14;
07/01/1959;;3.2;3.82;4.34;;;;4.39;;4.6;4.58;;4.4;4.16;
08/01/1959;;3.38;3.87;4.31;;;;4.42;;4.6;4.57;;4.43;4.15;
09/01/1959;;4.04;4.7;4.83;;;;5;;4.97;4.9;;4.68;4.29;
10/01/1959;;4.05;4.53;4.69;;;;4.8;;4.78;4.72;;4.53;4.19;
11/01/1959;;4.15;4.54;4.54;;;;4.81;;4.85;4.75;;4.53;4.2;
12/01/1959;;4.49;4.85;4.99;;;;5.14;;5.12;5.01;;4.69;4.33;
01/01/1960;;4.35;4.74;4.95;;;;5.03;;4.99;4.92;;4.72;4.42;
02/01/1960;;3.96;4.3;4.45;;;;4.66;;4.73;4.69;;4.49;4.28;
03/01/1960;;3.31;3.61;3.68;;;;4.02;;4.29;4.31;;4.25;4.14;
04/01/1960;;3.23;3.55;3.83;;;;4.04;;4.27;4.29;;4.28;4.23;
05/01/1960;;3.29;3.58;4.01;;;;4.21;;4.46;4.49;;4.35;4.2;
06/01/1960;;2.46;2.74;3.1;;;;3.36;;4.01;4.12;;4.15;4.04;
07/01/1960;;2.3;2.71;3.03;;;;3.2;;3.63;3.79;;3.9;3.91;
08/01/1960;;2.3;2.59;2.82;;;;2.95;;3.41;3.62;;3.8;3.84;
09/01/1960;;2.48;2.83;2.86;;;;3.07;;3.43;3.61;;3.8;3.86;
10/01/1960;;2.3;2.73;2.92;;;;3.04;;3.53;3.76;;3.89;3.92;
11/01/1960;;2.37;2.66;2.87;;;;3.08;;3.6;3.81;;3.93;3.96;
12/01/1960;;2.25;2.5;2.64;;;;2.86;;3.42;3.67;;3.84;3.91;
01/01/1961;;2.24;2.47;2.63;;;;2.81;;3.39;3.67;;3.84;3.9;
02/01/1961;;2.42;2.6;2.75;;;;2.93;;3.46;3.66;;3.78;3.84;
03/01/1961;;2.39;2.54;2.76;;;;2.88;;3.35;3.6;;3.74;3.81;
04/01/1961;;2.29;2.47;2.74;;;;2.88;;3.33;3.57;;3.78;3.81;
05/01/1961;;2.29;2.45;2.72;;;;2.87;;3.23;3.47;;3.71;3.74;
06/01/1961;;2.33;2.54;2.8;;;;3.06;;3.63;3.81;;3.88;3.89;
07/01/1961;;2.24;2.45;2.79;;;;2.92;;3.59;3.84;;3.92;3.93;
08/01/1961;;2.39;2.66;2.91;;;;3.06;;3.76;3.96;;4.04;4.04;
09/01/1961;;2.28;2.68;2.88;;;;3.06;;3.73;3.9;;3.98;4.04;
10/01/1961;;2.3;2.66;2.9;;;;3.05;;3.62;3.8;;3.92;4.01;
11/01/1961;;2.48;2.7;2.9;;;;3.07;;3.61;3.82;;3.94;4;
12/01/1961;;2.6;2.88;2.97;;;;3.18;;3.72;3.91;;4.06;4.07;
01/01/1962;;2.72;2.94;3.19;;;;3.28;;3.76;3.94;;4.08;4.1;
02/01/1962;;2.73;2.93;3.21;;;;3.28;;3.69;3.89;;4.04;4.12;
03/01/1962;;2.72;2.87;2.98;;;;3.06;;3.45;3.68;;3.93;4.04;
04/01/1962;;2.73;2.83;2.9;;;;2.99;;3.38;3.6;;3.84;3.93;
05/01/1962;;2.69;2.78;2.91;;;;3.03;;3.4;3.66;;3.87;3.92;
06/01/1962;;2.73;2.8;2.89;;;;3.03;;3.39;3.64;;3.91;3.96;
07/01/1962;;2.92;3.08;3.17;;;;3.29;;3.62;3.8;;4.01;4.05;
08/01/1962;;2.82;2.99;3.1;;;;3.2;;3.46;3.71;;3.98;4.01;
09/01/1962;;2.78;2.93;2.99;;;;3.06;;3.41;3.7;;3.98;4;
10/01/1962;;2.74;2.84;2.9;;;;2.98;;3.33;3.64;;3.93;3.94;
11/01/1962;;2.83;2.89;2.94;;;;3;;3.4;3.6;;3.92;3.93;
12/01/1962;;2.87;2.91;2.94;;;;3.01;;3.37;3.56;;3.86;3.92;
01/01/1963;;2.91;2.96;3;;;;3.04;;3.4;3.58;;3.83;3.93;
02/01/1963;;2.92;2.98;3;;;;3.01;;3.39;3.66;;3.92;3.97;
03/01/1963;;2.89;2.95;2.97;;;;3.03;;3.41;3.68;;3.93;3.98;
04/01/1963;;2.9;2.98;3.03;;;;3.11;;3.5;3.74;;3.97;4.03;
05/01/1963;;2.93;3.01;3.06;;;;3.12;;3.54;3.72;;3.93;4.02;
06/01/1963;;2.99;3.08;3.11;;;;3.2;;3.61;3.81;;3.99;4.02;
07/01/1963;;3.18;3.31;3.4;;;;3.48;;3.76;3.89;;4.02;4.06;
08/01/1963;;3.32;3.44;3.5;;;;3.53;;3.77;3.89;;4;4.03;
09/01/1963;;3.38;3.5;3.57;;;;3.57;;3.82;3.96;;4.08;4.09;
10/01/1963;;3.45;3.58;3.61;;;;3.64;;3.87;3.97;;4.11;4.12;
11/01/1963;;3.52;3.65;3.67;;;;3.74;;3.95;4.01;;4.12;4.16;
12/01/1963;;3.52;3.66;3.69;;;;3.81;;4.01;4.04;;4.13;4.19;
01/01/1964;;3.52;3.64;3.68;;;;3.79;;4.04;4.07;;4.17;4.19;
02/01/1964;;3.53;3.67;3.71;;;;3.78;;4;4.03;;4.15;4.17;
03/01/1964;;3.54;3.72;3.78;;;;3.91;;4.12;4.14;;4.22;4.22;
04/01/1964;;3.47;3.66;3.75;;;;3.91;;4.15;4.15;;4.23;4.24;
05/01/1964;;3.48;3.6;3.71;;;;3.84;;4.04;4.05;;4.2;4.2;
06/01/1964;;3.48;3.56;3.7;;;;3.83;;4.01;4.02;;4.17;4.17;
07/01/1964;;3.46;3.56;3.64;;;;3.72;;3.93;4.03;;4.19;4.16;
08/01/1964;;3.5;3.61;3.67;;;;3.74;;3.93;4.05;;4.19;4.18;
09/01/1964;;3.53;3.68;3.73;;;;3.84;;4.01;4.08;;4.2;4.2;
10/01/1964;;3.57;3.72;3.79;;;;3.86;;4.02;4.07;;4.19;4.2;
11/01/1964;;3.64;3.81;3.86;;;;3.91;;4.04;4.04;;4.15;4.17;
12/01/1964;;3.84;3.95;3.96;;;;4.02;;4.08;4.09;;4.18;4.18;
01/01/1965;;3.81;3.94;3.91;;;;3.94;;4.03;4.1;;4.19;4.19;
02/01/1965;;3.93;4;4;;;;4.03;;4.08;4.15;;4.21;4.21;
03/01/1965;;3.93;4;4.02;;;;4.06;;4.13;4.15;;4.21;4.2;
04/01/1965;;3.93;3.99;4;;;;4.04;;4.12;4.15;;4.2;4.2;
05/01/1965;;3.89;3.95;3.96;;;;4.03;;4.11;4.15;;4.21;4.21;
06/01/1965;;3.8;3.86;3.89;;;;3.99;;4.08;4.15;;4.21;4.21;
07/01/1965;;3.84;3.9;3.89;;;;3.98;;4.09;4.15;;4.2;4.21;
08/01/1965;;3.84;3.95;3.96;;;;4.07;;4.16;4.2;;4.25;4.25;
09/01/1965;;3.92;4.07;4.09;;;;4.2;;4.24;4.25;;4.29;4.3;
10/01/1965;;4.03;4.19;4.16;;;;4.3;;4.33;4.34;;4.35;4.32;
11/01/1965;;4.09;4.24;4.23;;;;4.37;;4.45;4.46;;4.45;4.4;
12/01/1965;;4.38;4.55;4.56;;;;4.72;;4.79;4.72;;4.62;4.5;
01/01/1966;;4.59;4.71;4.69;;;;4.88;;4.9;4.86;;4.61;4.52;
02/01/1966;;4.65;4.82;4.81;;;;4.94;;5.02;4.98;;4.83;4.71;
03/01/1966;;4.59;4.78;4.81;;;;4.97;;4.97;4.92;;4.87;4.72;
04/01/1966;;4.62;4.74;4.76;;;;4.9;;4.89;4.83;;4.75;4.65;
05/01/1966;;4.64;4.81;4.85;;;;4.93;;5;4.89;;4.78;4.69;
06/01/1966;;4.5;4.65;4.78;;;;4.97;;5.05;4.97;;4.81;4.73;
07/01/1966;;4.8;4.93;4.94;;;;5.17;;5.26;5.17;;5.02;4.84;
08/01/1966;;4.96;5.27;5.34;;;;5.54;;5.68;5.5;;5.22;4.95;
09/01/1966;;5.37;5.79;5.8;;;;5.82;;5.79;5.5;;5.18;4.94;
10/01/1966;;5.35;5.62;5.52;;;;5.58;;5.48;5.27;;5.01;4.83;
11/01/1966;;5.32;5.54;5.49;;;;5.54;;5.53;5.36;;5.16;4.87;
12/01/1966;;4.96;5.07;5;;;;5.2;;5.19;5;;4.84;4.76;
01/01/1967;;4.72;4.74;4.61;;;;4.75;;4.75;4.7;;4.58;4.51;
02/01/1967;;4.56;4.59;4.57;;;;4.71;;4.73;4.74;;4.63;4.61;
03/01/1967;;4.26;4.22;4.19;;;;4.35;;4.47;4.54;;4.54;4.56;
04/01/1967;;3.84;3.89;3.9;;;;4.11;;4.38;4.51;;4.59;4.64;
05/01/1967;;3.6;3.8;3.89;;;;4.15;;4.61;4.75;;4.85;4.9;
06/01/1967;;3.54;3.89;4.16;;;;4.48;;4.89;5.01;;5.02;4.99;
07/01/1967;;4.21;4.72;4.9;;;;5.01;;5.06;5.23;;5.16;5.01;
08/01/1967;;4.27;4.83;5.05;;;;5.13;;5.23;5.31;;5.28;5.12;
09/01/1967;;4.42;4.96;5.1;;;;5.24;;5.41;5.4;;5.3;5.16;
10/01/1967;;4.56;5.07;5.22;;;;5.37;;5.52;5.57;;5.48;5.36;
11/01/1967;;4.73;5.25;5.39;;;;5.61;;5.71;5.78;;5.75;5.66;
12/01/1967;;4.97;5.49;5.59;;;;5.71;;5.71;5.75;;5.7;5.59;
01/01/1968;;5;5.24;5.3;;;;5.43;;5.53;5.54;;5.53;5.39;
02/01/1968;;4.98;5.17;5.24;;;;5.41;;5.61;5.59;;5.56;5.38;
03/01/1968;;5.17;5.33;5.42;;;;5.58;;5.8;5.76;;5.74;5.59;
04/01/1968;;5.38;5.49;5.47;;;;5.71;;5.75;5.69;;5.64;5.46;
05/01/1968;;5.66;5.83;5.84;;;;6.14;;6.11;6.04;;5.87;5.55;
06/01/1968;;5.52;5.64;5.68;;;;5.98;;5.82;5.85;;5.72;5.4;
07/01/1968;;5.31;5.41;5.39;;;;5.65;;5.54;5.6;;5.5;5.29;
08/01/1968;;5.09;5.23;5.15;;;;5.43;;5.42;5.5;;5.42;5.23;
09/01/1968;;5.19;5.25;5.18;;;;5.45;;5.39;5.48;;5.46;5.28;
10/01/1968;;5.35;5.41;5.33;;;;5.57;;5.52;5.55;;5.58;5.44;
11/01/1968;;5.45;5.6;5.51;;;;5.75;;5.57;5.66;;5.7;5.56;
12/01/1968;;5.96;6.06;5.97;;;;6.19;;6.16;6.12;;6.03;5.88;
01/01/1969;;6.14;6.28;6.07;;;;6.34;;6.22;6.25;;6.04;5.99;
02/01/1969;;6.12;6.3;6.21;;;;6.41;;6.32;6.34;;6.19;6.11;
03/01/1969;;6.02;6.16;6.2;;;;6.34;;6.38;6.41;;6.3;6.22;
04/01/1969;;6.11;6.13;6.04;;;;6.26;;6.25;6.3;;6.17;6.03;
05/01/1969;;6.04;6.15;6.11;;;;6.42;;6.51;6.54;;6.32;6.11;
06/01/1969;;6.44;6.75;6.88;;;;7.04;;6.83;6.75;;6.57;6.28;
07/01/1969;;7;7.24;7.19;;;;7.6;;7.31;7.01;6.8;6.72;6.27;
08/01/1969;;6.98;7.19;7.28;;;;7.54;;7.29;7.03;6.79;6.69;6.22;
09/01/1969;;7.09;7.32;7.35;;;;7.82;;7.77;7.57;7.36;7.16;6.55;
10/01/1969;;7;7.29;7.21;;;;7.64;;7.57;7.51;7.24;7.1;6.49;
11/01/1969;;7.24;7.62;7.36;;;;7.89;;7.65;7.53;7.17;7.14;6.74;
12/01/1969;;7.82;7.9;7.61;;;;8.17;;8.1;7.96;7.51;7.65;6.91;
01/01/1970;;7.87;7.78;7.51;;;;8.1;;8.24;8.17;7.73;7.79;6.92;
02/01/1970;;7.13;7.22;7.05;;;;7.59;;7.79;7.82;7.51;7.24;6.67;
03/01/1970;;6.63;6.58;6.5;;;;6.97;;7.15;7.21;7.13;7.07;6.72;
04/01/1970;;6.51;6.6;6.53;;;;7.06;;7.39;7.5;7.45;7.39;6.85;
05/01/1970;;6.84;7.02;7.12;;;;7.75;;7.94;7.97;7.93;7.91;7.24;
06/01/1970;;6.68;6.86;7.07;;;;7.55;;7.84;7.85;7.84;7.84;7.34;
07/01/1970;;6.45;6.51;6.62;;;;7.1;;7.56;7.59;7.61;7.46;6.92;
08/01/1970;;6.41;6.55;6.55;;;;6.98;;7.46;7.57;7.59;7.53;7.07;
09/01/1970;;6.12;6.46;6.39;;;;6.73;;7.11;7.29;7.4;7.39;6.88;
10/01/1970;;5.91;6.21;6.23;;;;6.43;;6.96;7.12;7.32;7.33;6.88;
11/01/1970;;5.28;5.42;5.39;;;;5.51;;6.25;6.47;6.76;6.84;6.58;
12/01/1970;;4.87;4.89;4.84;;;;5;;5.75;5.95;6.23;6.39;6.28;
01/01/1971;;4.44;4.47;4.4;;;;4.57;;5.61;5.89;6.16;6.24;6.18;
02/01/1971;;3.7;3.78;3.84;;;;3.89;;5.07;5.56;5.94;6.11;6.14;
03/01/1971;;3.38;3.5;3.6;;;;3.69;;4.5;5;5.42;5.7;5.94;
04/01/1971;;3.86;4.03;4.09;;;;4.3;;5.22;5.65;5.87;5.83;6;
05/01/1971;;4.14;4.36;4.64;;;;5.04;;5.97;6.28;6.42;6.39;6.32;
06/01/1971;;4.75;4.97;5.33;;;;5.64;;6.32;6.53;6.65;6.52;6.38;
07/01/1971;;5.4;5.63;5.74;;;;6.04;;6.74;6.85;6.92;6.73;6.38;
08/01/1971;;4.94;5.22;5.52;;;;5.8;;6.35;6.55;6.67;6.58;6.27;
09/01/1971;;4.69;4.97;5.19;;;;5.41;;5.89;6.14;6.2;6.14;6.05;
10/01/1971;;4.46;4.6;4.75;;;;4.91;;5.56;5.93;5.98;5.93;5.92;
11/01/1971;;4.22;4.38;4.49;;;;4.67;;5.35;5.78;5.94;5.81;5.86;
12/01/1971;;4.01;4.23;4.39;;;;4.6;;5.27;5.69;5.97;5.93;6;
01/01/1972;;3.38;3.66;3.82;;;;4.28;;5.14;5.59;5.91;5.95;6.01;
02/01/1972;;3.2;3.63;4.06;;;;4.27;;5.25;5.69;5.99;6.08;6.06;
03/01/1972;;3.73;4.12;4.43;;;;4.67;;5.56;5.87;6.05;6.07;6.06;
04/01/1972;;3.71;4.23;4.65;;;;4.96;;5.88;6.17;6.22;6.19;6.16;
05/01/1972;;3.69;4.12;4.46;;;;4.64;;5.55;5.85;6.07;6.13;6.07;
06/01/1972;;3.91;4.35;4.71;;;;4.93;;5.64;5.91;6.06;6.11;6.01;
07/01/1972;;3.98;4.5;4.9;;;;4.96;;5.78;5.97;6.09;6.11;6.01;
08/01/1972;;4.02;4.55;4.9;;;;4.98;;5.79;6.02;6.19;6.21;5.94;
09/01/1972;;4.66;5.13;5.44;;;;5.52;;6.06;6.25;6.43;6.55;6.05;
10/01/1972;;4.74;5.13;5.39;;;;5.52;;6.05;6.18;6.35;6.48;6;
11/01/1972;;4.78;5.09;5.2;;;;5.27;;5.94;6.12;6.18;6.28;5.79;
12/01/1972;;5.07;5.3;5.28;;;;5.52;;6.01;6.16;6.2;6.36;5.96;
01/01/1973;;5.41;5.62;5.58;;;;5.89;;6.27;6.34;6.36;6.46;6.78;
02/01/1973;;5.6;5.83;5.93;;;;6.19;;6.58;6.6;6.6;6.64;6.88;
03/01/1973;;6.09;6.51;6.53;;;;6.85;;6.86;6.8;6.76;6.71;6.91;
04/01/1973;;6.26;6.52;6.51;;;;6.85;;6.78;6.67;6.67;6.67;6.86;
05/01/1973;;6.36;6.62;6.63;;;;6.89;;6.83;6.8;6.83;6.85;6.99;
06/01/1973;;7.19;7.23;7.05;;;;7.31;;6.84;6.69;6.81;6.9;7.06;
07/01/1973;;8.01;8.12;7.97;;;;8.39;;7.54;7.33;7.23;7.13;7.29;
08/01/1973;;8.67;8.65;8.32;;;;8.82;;7.89;7.63;7.52;7.4;7.61;
09/01/1973;;8.29;8.45;8.07;;;;8.31;;7.25;7.05;7.08;7.09;7.25;
10/01/1973;;7.22;7.32;7.17;;;;7.4;;6.81;6.77;6.78;6.79;7.18;
11/01/1973;;7.83;7.96;7.4;;;;7.57;;7;6.92;6.89;6.73;7.3;
12/01/1973;;7.45;7.56;7.01;;;;7.27;;6.81;6.8;6.77;6.74;7.29;
01/01/1974;;7.77;7.65;7.01;;;;7.42;;6.96;6.95;6.88;6.99;7.47;
02/01/1974;;7.12;6.96;6.51;;;;6.88;;6.76;6.82;6.92;6.96;7.46;
03/01/1974;;7.96;7.83;7.34;;;;7.76;;7.35;7.31;7.34;7.21;7.73;
04/01/1974;;8.33;8.32;8.08;;;;8.62;;8.05;7.92;7.77;7.51;8.01;
05/01/1974;;8.23;8.4;8.21;;;;8.78;;8.27;8.18;7.93;7.58;8.14;
06/01/1974;;7.9;8.12;8.16;;;;8.67;;8.15;8.1;7.9;7.54;8.1;
07/01/1974;;7.55;7.94;8.04;;;;8.8;;8.41;8.38;8.19;7.81;8.26;
08/01/1974;;8.96;9.11;8.88;;;;9.36;;8.66;8.63;8.41;8.04;8.6;
09/01/1974;;8.06;8.53;8.52;;;;8.87;;8.41;8.37;8.25;8.04;8.59;
10/01/1974;;7.46;7.74;7.59;;;;8.05;;8;7.97;7.92;7.9;8.37;
11/01/1974;;7.47;7.52;7.29;;;;7.66;;7.61;7.68;7.68;7.68;7.98;
12/01/1974;;7.15;7.11;6.79;;;;7.31;;7.24;7.31;7.38;7.43;7.91;
01/01/1975;;6.26;6.36;6.27;;;;6.83;;7.23;7.41;7.45;7.5;7.88;
02/01/1975;;5.5;5.62;5.56;;;;5.98;;6.65;7.11;7.3;7.39;7.71;
03/01/1975;;5.49;5.62;5.7;;;;6.11;;6.81;7.3;7.58;7.73;7.99;
04/01/1975;;5.61;6;6.4;;;;6.9;;7.76;7.99;8.1;8.23;8.36;
05/01/1975;;5.23;5.59;5.91;;;;6.39;;7.39;7.72;7.9;8.06;8.22;
06/01/1975;;5.34;5.61;5.86;;;;6.29;;7.17;7.51;7.69;7.86;8.04;
07/01/1975;;6.13;6.5;6.64;;;;7.11;;7.72;7.92;7.99;8.06;8.17;
08/01/1975;;6.44;6.94;7.16;;;;7.7;;8.16;8.33;8.37;8.4;8.5;
09/01/1975;;6.42;6.92;7.2;;;;7.75;;8.29;8.37;8.39;8.43;8.57;
10/01/1975;;5.96;6.25;6.48;;;;6.95;;7.81;7.97;8.06;8.14;8.35;
11/01/1975;;5.48;5.8;6.07;;;;6.49;;7.46;7.8;7.98;8.05;8.28;
12/01/1975;;5.44;5.85;6.16;;;;6.6;;7.43;7.76;7.93;8;8.23;
01/01/1976;;4.87;5.14;5.44;;;;5.81;;6.99;7.46;7.67;7.74;8.01;
02/01/1976;;4.88;5.2;5.53;;;;5.91;;7.06;7.45;7.72;7.79;8.03;
03/01/1976;;5;5.44;5.82;;;;6.21;;7.13;7.49;7.65;7.73;7.97;
04/01/1976;;4.86;5.18;5.54;;;;5.92;;6.84;7.25;7.44;7.56;7.86;
05/01/1976;;5.2;5.62;5.98;;;;6.4;;7.27;7.59;7.77;7.9;8.13;
06/01/1976;;5.41;5.77;6.12;;;;6.52;7.06;7.31;7.61;7.75;7.86;8.03;
07/01/1976;;5.23;5.53;5.82;;;;6.2;6.85;7.12;7.49;7.7;7.83;8;
08/01/1976;;5.14;5.4;5.64;;;;6;6.63;6.86;7.31;7.58;7.77;7.91;
09/01/1976;;5.08;5.3;5.5;;;;5.84;6.42;6.66;7.13;7.41;7.59;7.78;
10/01/1976;;4.92;5.06;5.19;;;;5.5;5.98;6.24;6.75;7.16;7.41;7.7;
11/01/1976;;4.75;4.88;5;;;;5.29;5.81;6.09;6.52;6.86;7.29;7.64;
12/01/1976;;4.35;4.51;4.64;;;;4.89;5.38;5.68;6.1;6.37;6.87;7.3;
01/01/1977;;4.62;4.83;5;;;;5.29;5.9;6.22;6.58;6.92;7.21;7.48;
02/01/1977;;4.67;4.9;5.16;;;;5.47;6.09;6.44;6.83;7.16;7.39;7.64;7.75
03/01/1977;;4.6;4.88;5.19;;;;5.5;6.09;6.47;6.93;7.2;7.46;7.73;7.8
04/01/1977;;4.54;4.8;5.1;;;;5.44;5.96;6.31;6.79;7.11;7.37;7.67;7.73
05/01/1977;;4.96;5.2;5.43;;;;5.84;6.25;6.55;6.94;7.26;7.46;7.74;7.8
06/01/1977;;5.02;5.21;5.41;;;;5.8;6.13;6.39;6.76;7.05;7.28;7.64;7.64
07/01/1977;;5.19;5.4;5.57;;;;5.94;6.27;6.51;6.84;7.12;7.33;7.6;7.64
08/01/1977;;5.49;5.83;5.97;;;;6.37;6.61;6.79;7.03;7.24;7.4;7.64;7.68
09/01/1977;;5.81;6.04;6.13;;;;6.53;6.71;6.84;7.04;7.21;7.34;7.57;7.64
10/01/1977;;6.16;6.43;6.52;;;;6.97;7.11;7.19;7.32;7.44;7.52;7.71;7.77
11/01/1977;;6.1;6.41;6.52;;;;6.95;7.14;7.22;7.34;7.46;7.58;7.76;7.85
12/01/1977;;6.07;6.4;6.52;;;;6.96;7.18;7.3;7.48;7.59;7.69;7.87;7.94
01/01/1978;;6.44;6.7;6.8;;;;7.28;7.49;7.61;7.77;7.86;7.96;8.14;8.18
02/01/1978;;6.45;6.74;6.86;;;;7.34;7.57;7.67;7.83;7.94;8.03;8.22;8.25
03/01/1978;;6.29;6.63;6.82;;;;7.31;7.58;7.7;7.86;7.95;8.04;8.21;8.23
04/01/1978;;6.29;6.73;6.96;;;;7.45;7.74;7.85;7.98;8.06;8.15;8.32;8.34
05/01/1978;;6.41;7.02;7.28;;;;7.82;8.01;8.07;8.18;8.25;8.35;8.44;8.43
06/01/1978;;6.73;7.23;7.53;;;;8.09;8.24;8.3;8.36;8.4;8.46;8.53;8.5
07/01/1978;;7.01;7.44;7.79;;;;8.39;8.49;8.54;8.54;8.55;8.64;8.69;8.65
08/01/1978;;7.08;7.37;7.73;;;;8.31;8.37;8.33;8.33;8.38;8.41;8.45;8.47
09/01/1978;;7.85;7.99;8.01;;;;8.64;8.57;8.41;8.43;8.42;8.42;8.47;8.47
10/01/1978;;7.99;8.55;8.45;;;;9.14;8.85;8.62;8.61;8.64;8.64;8.69;8.67
11/01/1978;;8.64;9.24;9.2;;;;10.01;9.42;9.04;8.84;8.8;8.81;8.75;8.75
12/01/1978;;9.08;9.36;9.44;;;;10.3;9.72;9.33;9.08;9.03;9.01;8.9;8.88
01/01/1979;;9.35;9.47;9.54;;;;10.41;9.86;9.5;9.2;9.14;9.1;8.98;8.94
02/01/1979;;9.32;9.41;9.39;;;;10.24;9.72;9.29;9.13;9.11;9.1;9.03;9
03/01/1979;;9.48;9.47;9.38;;;;10.25;9.79;9.38;9.2;9.15;9.12;9.08;9.03
04/01/1979;;9.46;9.49;9.28;;;;10.12;9.78;9.43;9.25;9.21;9.18;9.12;9.08
05/01/1979;;9.61;9.54;9.27;;;;10.12;9.78;9.42;9.24;9.23;9.25;9.21;9.19
06/01/1979;;9.06;9.06;8.81;;;;9.57;9.22;8.95;8.85;8.86;8.91;8.91;8.92
07/01/1979;;9.24;9.24;8.87;;;;9.64;9.14;8.94;8.9;8.92;8.95;8.92;8.93
08/01/1979;;9.52;9.49;9.16;;;;9.98;9.46;9.14;9.06;9.05;9.03;8.97;8.98
09/01/1979;;10.26;10.2;9.89;;;;10.84;10.06;9.69;9.41;9.38;9.33;9.21;9.17
10/01/1979;;11.7;11.66;11.23;;;;12.44;11.49;10.95;10.63;10.47;10.3;9.99;9.85
11/01/1979;;11.79;11.82;11.22;;;;12.39;11.81;11.18;10.93;10.8;10.65;10.37;10.3
12/01/1979;;12.04;11.84;10.92;;;;11.98;11.39;10.71;10.42;10.42;10.39;10.18;10.12
01/01/1980;;12;11.84;10.96;;;;12.06;11.5;10.88;10.74;10.77;10.8;10.65;10.6
02/01/1980;;12.86;12.86;12.46;;;;13.92;13.42;12.84;12.6;12.53;12.41;12.21;12.13
03/01/1980;;15.2;15.03;14.03;;;;15.82;14.88;14.05;13.47;13;12.75;12.49;12.34
04/01/1980;;13.2;12.88;11.97;;;;13.3;12.5;12.02;11.84;11.49;11.47;11.42;11.4
05/01/1980;;8.58;8.65;8.66;;;;9.39;9.45;9.44;9.95;10.09;10.18;10.44;10.36
06/01/1980;;7.07;7.3;7.54;;;;8.16;8.73;8.91;9.21;9.45;9.78;9.89;9.81
07/01/1980;;8.06;8.06;8;;;;8.65;9.03;9.27;9.53;9.84;10.25;10.32;10.24
08/01/1980;;9.13;9.41;9.39;;;;10.24;10.53;10.63;10.84;10.95;11.1;11.07;11
09/01/1980;;10.27;10.57;10.48;;;;11.52;11.57;11.57;11.62;11.57;11.51;11.47;11.34
10/01/1980;;11.62;11.63;11.3;;;;12.49;12.09;12.01;11.86;11.79;11.75;11.75;11.59
11/01/1980;;13.73;13.5;12.66;;;;14.15;13.51;13.31;12.83;12.71;12.68;12.44;12.37
12/01/1980;;15.49;14.64;13.23;;;;14.88;14.08;13.65;13.25;13;12.84;12.49;12.4
01/01/1981;;15.02;14.08;12.62;;;;14.08;13.26;13.01;12.77;12.66;12.57;12.29;12.14
02/01/1981;;14.79;14.05;12.99;;;;14.57;13.92;13.65;13.41;13.28;13.19;12.98;12.8
03/01/1981;;13.36;12.81;12.28;;;;13.71;13.57;13.51;13.41;13.24;13.12;12.94;12.69
04/01/1981;;13.69;13.45;12.79;;;;14.32;14.15;14.09;13.99;13.85;13.68;13.46;13.2
05/01/1981;;16.3;15.29;14.29;;;;16.2;15.46;15.08;14.63;14.3;14.1;13.82;13.6
06/01/1981;;14.73;14.09;13.22;;;;14.86;14.51;14.29;13.95;13.67;13.47;13.2;12.96
07/01/1981;;14.95;14.74;13.91;;;;15.72;15.35;15.15;14.79;14.49;14.28;13.92;13.59
08/01/1981;;15.51;15.52;14.7;;;;16.72;16.28;16;15.56;15.22;14.94;14.52;14.17
09/01/1981;;14.7;14.92;14.53;;;;16.52;16.46;16.22;15.93;15.65;15.32;15.07;14.67
10/01/1981;;13.54;13.82;13.62;;;;15.38;15.54;15.5;15.41;15.33;15.15;15.13;14.68
11/01/1981;;10.86;11.3;11.2;;;;12.41;12.88;13.11;13.38;13.42;13.39;13.56;13.35
12/01/1981;;10.85;11.52;11.57;;;;12.85;13.29;13.66;13.6;13.62;13.72;13.73;13.45
01/01/1982;;12.28;12.83;12.77;;12.92;13.9;14.32;14.57;14.64;14.65;14.67;14.59;14.57;14.22
02/01/1982;;13.48;13.61;13.11;;14.28;14.81;14.73;14.82;14.73;14.54;14.46;14.43;14.48;14.22
03/01/1982;;12.68;12.77;12.47;;13.31;13.83;13.95;14.19;14.13;13.98;13.93;13.86;13.75;13.53
04/01/1982;;12.7;12.8;12.5;;13.34;13.87;13.98;14.2;14.18;14;13.94;13.87;13.57;13.37
05/01/1982;;12.09;12.16;11.98;;12.71;13.13;13.34;13.78;13.77;13.75;13.74;13.62;13.46;13.24
06/01/1982;;12.47;12.7;12.57;;13.08;13.76;14.07;14.47;14.48;14.43;14.47;14.3;14.18;13.92
07/01/1982;;11.35;11.88;11.9;;11.86;12.8;13.24;13.8;14;14.07;14.07;13.95;13.76;13.55
08/01/1982;;8.68;9.88;10.37;;9;10.51;11.43;12.32;12.62;13;13.14;13.06;12.91;12.77
09/01/1982;;7.92;9.37;9.92;;8.19;9.83;10.85;11.78;12.03;12.25;12.36;12.34;12.16;12.07
10/01/1982;;7.71;8.29;8.63;;7.97;8.63;9.32;10.19;10.62;10.8;10.88;10.91;10.97;11.17
11/01/1982;;8.07;8.34;8.44;;8.35;8.8;9.16;9.8;9.98;10.38;10.53;10.55;10.57;10.54
12/01/1982;;7.94;8.16;8.23;;8.2;8.59;8.91;9.66;9.88;10.22;10.49;10.54;10.62;10.54
01/01/1983;;7.86;7.93;8.01;;8.12;8.33;8.62;9.33;9.64;10.03;10.36;10.46;10.78;10.63
02/01/1983;;8.11;8.23;8.28;;8.39;8.65;8.92;9.64;9.91;10.26;10.56;10.72;11.03;10.88
03/01/1983;;8.35;8.37;8.36;;8.66;8.86;9.04;9.66;9.84;10.08;10.31;10.51;10.8;10.63
04/01/1983;;8.21;8.3;8.29;;8.51;8.78;8.98;9.57;9.76;10.02;10.29;10.4;10.63;10.48
05/01/1983;;8.19;8.22;8.23;;8.5;8.7;8.9;9.49;9.66;10.03;10.3;10.38;10.67;10.53
06/01/1983;;8.79;8.89;8.87;;9.14;9.44;9.66;10.18;10.32;10.63;10.83;10.85;11.12;10.93
07/01/1983;;9.08;9.26;9.34;;9.45;9.85;10.2;10.69;10.9;11.21;11.35;11.38;11.59;11.4
08/01/1983;;9.34;9.51;9.6;;9.74;10.16;10.53;11.07;11.3;11.63;11.77;11.85;11.96;11.82
09/01/1983;;9;9.15;9.27;;9.36;9.73;10.16;10.79;11.07;11.43;11.61;11.65;11.82;11.63
10/01/1983;;8.64;8.83;8.98;;8.99;9.39;9.81;10.57;10.87;11.28;11.47;11.54;11.77;11.58
11/01/1983;;8.76;8.93;9.08;;9.11;9.48;9.94;10.66;10.96;11.41;11.61;11.69;11.92;11.75
12/01/1983;;9;9.17;9.24;;9.36;9.76;10.11;10.84;11.13;11.54;11.78;11.83;12.02;11.88
01/01/1984;;8.9;9.01;9.07;;9.26;9.56;9.9;10.64;10.93;11.37;11.58;11.67;11.82;11.75
02/01/1984;;9.09;9.18;9.2;;9.46;9.77;10.04;10.79;11.05;11.54;11.75;11.84;12;11.95
03/01/1984;;9.52;9.66;9.67;;9.89;10.27;10.59;11.31;11.59;12.02;12.25;12.32;12.45;12.38
04/01/1984;;9.69;9.84;9.95;;10.07;10.47;10.9;11.69;11.98;12.37;12.56;12.63;12.65;12.65
05/01/1984;;9.83;10.31;10.57;;10.22;11.02;11.66;12.47;12.75;13.17;13.34;13.41;13.43;13.43
06/01/1984;;9.87;10.51;10.93;;10.26;11.24;12.08;12.91;13.18;13.48;13.56;13.56;13.54;13.44
07/01/1984;;10.12;10.52;10.89;;10.53;11.27;12.03;12.88;13.08;13.27;13.35;13.36;13.36;13.21
08/01/1984;;10.47;10.61;10.71;;10.9;11.37;11.82;12.43;12.5;12.68;12.75;12.72;12.71;12.54
09/01/1984;;10.37;10.47;10.51;;10.8;11.19;11.58;12.2;12.34;12.53;12.6;12.52;12.42;12.29
10/01/1984;;9.74;9.87;9.93;;10.12;10.52;10.9;11.6;11.85;12.06;12.16;12.16;12.04;11.98
11/01/1984;;8.61;8.81;9.01;;8.92;9.34;9.82;10.65;10.9;11.33;11.49;11.57;11.66;11.56
12/01/1984;;8.06;8.28;8.6;;8.34;8.76;9.33;10.18;10.56;11.07;11.45;11.5;11.64;11.52
01/01/1985;;7.76;8;8.33;;8.02;8.45;9.02;9.93;10.43;10.93;11.27;11.38;11.58;11.45
02/01/1985;;8.27;8.39;8.56;;8.56;8.87;9.29;10.17;10.55;11.13;11.44;11.51;11.7;11.47
03/01/1985;;8.52;8.9;9.06;;8.83;9.45;9.86;10.71;11.05;11.52;11.82;11.86;12.06;11.81
04/01/1985;;7.95;8.23;8.44;;8.22;8.71;9.14;10.09;10.49;11.01;11.34;11.43;11.69;11.47
05/01/1985;;7.48;7.65;7.85;;7.73;8.07;8.46;9.39;9.75;10.34;10.72;10.85;11.19;11.05
06/01/1985;;6.95;7.09;7.27;;7.18;7.46;7.8;8.69;9.05;9.6;10.08;10.16;10.57;10.45
07/01/1985;;7.08;7.2;7.31;;7.32;7.57;7.86;8.77;9.18;9.7;10.16;10.31;10.68;10.5
08/01/1985;;7.14;7.32;7.48;;7.37;7.71;8.05;8.94;9.31;9.81;10.2;10.33;10.73;10.56
09/01/1985;;7.1;7.27;7.5;;7.33;7.64;8.07;8.98;9.37;9.81;10.24;10.37;10.8;10.61
10/01/1985;;7.16;7.33;7.45;;7.4;7.71;8.01;8.86;9.25;9.69;10.11;10.24;10.67;10.5
11/01/1985;;7.24;7.3;7.33;;7.48;7.68;7.88;8.58;8.88;9.28;9.62;9.78;10.24;10.06
12/01/1985;;7.1;7.14;7.16;;7.33;7.5;7.67;8.15;8.4;8.73;9.11;9.26;9.75;9.54
01/01/1986;;7.07;7.16;7.21;;7.3;7.53;7.73;8.14;8.41;8.68;9.03;9.19;9.59;9.4
02/01/1986;;7.06;7.11;7.11;;7.29;7.47;7.61;7.97;8.1;8.34;8.58;8.7;9.08;8.93
03/01/1986;;6.56;6.57;6.59;;6.76;6.89;7.03;7.21;7.3;7.46;7.67;7.78;8.09;7.96
04/01/1986;;6.06;6.08;6.06;;6.24;6.36;6.44;6.7;6.86;7.05;7.16;7.3;7.5;7.39
05/01/1986;;6.15;6.19;6.25;;6.33;6.47;6.65;7.07;7.27;7.52;7.65;7.71;7.81;7.52
06/01/1986;;6.21;6.27;6.32;;6.4;6.56;6.73;7.18;7.41;7.64;7.75;7.8;7.69;7.57
07/01/1986;;5.83;5.86;5.9;;6;6.12;6.27;6.67;6.86;7.06;7.22;7.3;7.29;7.27
08/01/1986;;5.53;5.55;5.6;;5.69;5.79;5.93;6.33;6.49;6.8;7.01;7.17;7.28;7.33
09/01/1986;;5.21;5.35;5.45;;5.35;5.57;5.77;6.35;6.62;6.92;7.28;7.45;7.56;7.62
10/01/1986;;5.18;5.26;5.41;;5.32;5.48;5.72;6.28;6.56;6.83;7.24;7.43;7.61;7.7
11/01/1986;;5.35;5.41;5.48;;5.5;5.64;5.8;6.28;6.46;6.76;7.08;7.25;7.42;7.52
12/01/1986;;5.53;5.55;5.55;;5.68;5.78;5.87;6.27;6.43;6.67;6.97;7.11;7.28;7.37
01/01/1987;;5.43;5.44;5.46;;5.58;5.67;5.78;6.23;6.41;6.64;6.92;7.08;;7.39
02/01/1987;;5.59;5.59;5.63;;5.75;5.83;5.96;6.4;6.56;6.79;7.06;7.25;;7.54
03/01/1987;;5.59;5.6;5.68;;5.77;5.86;6.03;6.42;6.58;6.79;7.06;7.25;;7.55
04/01/1987;;5.64;5.9;6.09;;5.82;6.19;6.5;7.02;7.32;7.57;7.83;8.02;;8.25
05/01/1987;;5.66;6.05;6.52;;5.85;6.35;7;7.76;8.02;8.26;8.47;8.61;;8.78
06/01/1987;;5.67;5.99;6.35;;5.85;6.28;6.8;7.57;7.82;8.02;8.27;8.4;;8.57
07/01/1987;;5.69;5.76;6.24;;5.88;6.05;6.68;7.44;7.74;8.01;8.27;8.45;;8.64
08/01/1987;;6.04;6.15;6.54;;6.23;6.46;7.03;7.75;8.03;8.32;8.59;8.76;;8.97
09/01/1987;;6.4;6.64;7.11;;6.62;6.99;7.67;8.34;8.67;8.94;9.26;9.42;;9.59
10/01/1987;;6.13;6.69;7.05;;6.35;7.04;7.59;8.4;8.75;9.08;9.37;9.52;;9.61
11/01/1987;;5.69;6.19;6.5;;5.89;6.5;6.96;7.69;7.99;8.35;8.69;8.86;;8.95
12/01/1987;;5.77;6.36;6.69;;5.96;6.68;7.17;7.86;8.13;8.45;8.82;8.99;;9.12
01/01/1988;;5.81;6.25;6.52;;6;6.56;6.99;7.63;7.87;8.18;8.48;8.67;;8.83
02/01/1988;;5.66;5.93;6.21;;5.84;6.21;6.64;7.18;7.38;7.71;8.02;8.21;;8.43
03/01/1988;;5.7;5.91;6.28;;5.87;6.18;6.71;7.27;7.5;7.83;8.19;8.37;;8.63
04/01/1988;;5.91;6.21;6.56;;6.08;6.5;7.01;7.59;7.83;8.19;8.52;8.72;;8.95
05/01/1988;;6.26;6.56;6.9;;6.45;6.89;7.4;8;8.24;8.58;8.89;9.09;;9.23
06/01/1988;;6.46;6.71;6.99;;6.66;7.04;7.49;8.03;8.22;8.49;8.78;8.92;;9
07/01/1988;;6.73;6.99;7.22;;6.95;7.35;7.75;8.28;8.44;8.66;8.91;9.06;;9.14
08/01/1988;;7.06;7.39;7.59;;7.3;7.79;8.17;8.63;8.77;8.94;9.13;9.26;;9.32
09/01/1988;;7.24;7.43;7.53;;7.48;7.82;8.09;8.46;8.57;8.69;8.87;8.98;;9.06
10/01/1988;;7.35;7.5;7.54;;7.6;7.9;8.11;8.35;8.43;8.51;8.69;8.8;;8.89
11/01/1988;;7.76;7.86;7.87;;8.03;8.3;8.48;8.67;8.72;8.79;8.89;8.96;;9.02
12/01/1988;;8.07;8.22;8.32;;8.35;8.7;8.99;9.09;9.11;9.09;9.13;9.11;;9.01
01/01/1989;;8.27;8.36;8.37;;8.56;8.85;9.05;9.18;9.2;9.15;9.14;9.09;;8.93
02/01/1989;;8.53;8.55;8.55;;8.84;9.05;9.25;9.37;9.32;9.27;9.23;9.17;;9.01
03/01/1989;;8.82;8.85;8.82;;9.14;9.39;9.57;9.68;9.61;9.51;9.43;9.36;;9.17
04/01/1989;;8.65;8.65;8.64;;8.96;9.17;9.36;9.45;9.4;9.3;9.24;9.18;;9.03
05/01/1989;;8.43;8.41;8.31;;8.74;8.91;8.98;9.02;8.98;8.91;8.88;8.86;;8.83
06/01/1989;;8.15;7.93;7.84;;8.43;8.38;8.44;8.41;8.37;8.29;8.31;8.28;;8.27
07/01/1989;;7.88;7.61;7.36;;8.15;8.01;7.89;7.82;7.83;7.83;7.94;8.02;;8.08
08/01/1989;;7.9;7.74;7.61;;8.17;8.17;8.18;8.14;8.13;8.09;8.11;8.11;;8.12
09/01/1989;;7.75;7.74;7.65;;8.01;8.16;8.22;8.28;8.26;8.17;8.23;8.19;;8.15
10/01/1989;;7.64;7.62;7.45;;7.9;8.03;7.99;7.98;8.02;7.97;8.03;8.01;;8
11/01/1989;;7.69;7.49;7.25;;7.94;7.89;7.77;7.8;7.8;7.81;7.86;7.87;;7.9
12/01/1989;;7.63;7.42;7.21;;7.88;7.81;7.72;7.78;7.77;7.75;7.85;7.84;;7.9
01/01/1990;;7.64;7.55;7.38;;7.9;7.96;7.92;8.09;8.13;8.12;8.2;8.21;;8.26
02/01/1990;;7.74;7.7;7.55;;8;8.12;8.11;8.37;8.39;8.42;8.48;8.47;;8.5
03/01/1990;;7.9;7.85;7.76;;8.17;8.28;8.35;8.63;8.63;8.6;8.65;8.59;;8.56
04/01/1990;;7.77;7.84;7.8;;8.04;8.27;8.4;8.72;8.78;8.77;8.81;8.79;;8.76
05/01/1990;;7.74;7.76;7.73;;8.01;8.19;8.32;8.64;8.69;8.74;8.78;8.76;;8.73
06/01/1990;;7.73;7.63;7.53;;7.99;8.05;8.1;8.35;8.4;8.43;8.52;8.48;;8.46
07/01/1990;;7.62;7.52;7.4;;7.87;7.92;7.94;8.16;8.26;8.33;8.46;8.47;;8.5
08/01/1990;;7.45;7.38;7.26;;7.69;7.77;7.78;8.06;8.22;8.44;8.64;8.75;;8.86
09/01/1990;;7.36;7.32;7.24;;7.6;7.7;7.76;8.08;8.27;8.51;8.79;8.89;;9.03
10/01/1990;;7.17;7.16;7.06;;7.4;7.53;7.55;7.88;8.07;8.33;8.59;8.72;;8.86
11/01/1990;;7.06;7.03;6.85;;7.29;7.39;7.31;7.6;7.74;8.02;8.28;8.39;;8.54
12/01/1990;;6.74;6.7;6.61;;6.95;7.03;7.05;7.31;7.47;7.73;8;8.08;;8.24
01/01/1991;;6.22;6.28;6.25;;6.41;6.58;6.64;7.13;7.38;7.7;7.97;8.09;;8.27
02/01/1991;;5.94;5.93;5.91;;6.12;6.19;6.27;6.87;7.08;7.47;7.73;7.85;;8.03
03/01/1991;;5.91;5.92;6;;6.09;6.2;6.4;7.1;7.35;7.77;8;8.11;;8.29
04/01/1991;;5.65;5.71;5.85;;5.83;5.98;6.24;6.95;7.23;7.7;7.92;8.04;;8.21
05/01/1991;;5.46;5.61;5.76;;5.63;5.87;6.13;6.78;7.12;7.7;7.94;8.07;;8.27
06/01/1991;;5.57;5.75;5.96;;5.75;6.02;6.36;6.96;7.39;7.94;8.17;8.28;;8.47
07/01/1991;;5.58;5.7;5.91;;5.75;5.97;6.31;6.92;7.38;7.91;8.15;8.27;;8.45
08/01/1991;;5.33;5.39;5.45;;5.5;5.63;5.78;6.43;6.8;7.43;7.74;7.9;;8.14
09/01/1991;;5.22;5.25;5.26;;5.37;5.48;5.57;6.18;6.5;7.14;7.48;7.65;;7.95
10/01/1991;;4.99;5.04;5.04;;5.14;5.26;5.33;5.91;6.23;6.87;7.25;7.53;;7.93
11/01/1991;;4.56;4.61;4.64;;4.69;4.8;4.89;5.56;5.9;6.62;7.06;7.42;;7.92
12/01/1991;;4.07;4.1;4.17;;4.18;4.26;4.38;5.03;5.39;6.19;6.69;7.09;;7.7
01/01/1992;;3.8;3.87;3.95;;3.91;4.01;4.15;4.96;5.4;6.24;6.7;7.03;;7.58
02/01/1992;;3.84;3.93;4.08;;3.95;4.08;4.29;5.21;5.72;6.58;6.96;7.34;;7.85
03/01/1992;;4.04;4.18;4.4;;4.14;4.33;4.63;5.69;6.18;6.95;7.26;7.54;;7.97
04/01/1992;;3.75;3.87;4.09;;3.84;4;4.3;5.34;5.93;6.78;7.15;7.48;;7.96
05/01/1992;;3.63;3.75;3.99;;3.72;3.88;4.19;5.23;5.81;6.69;7.06;7.39;;7.89
06/01/1992;;3.66;3.77;3.98;;3.75;3.9;4.17;5.05;5.6;6.48;6.9;7.26;;7.84
07/01/1992;;3.21;3.28;3.45;;3.28;3.38;3.6;4.36;4.91;5.84;6.36;6.84;;7.6
08/01/1992;;3.13;3.21;3.33;;3.2;3.31;3.47;4.19;4.72;5.6;6.12;6.59;;7.39
09/01/1992;;2.91;2.96;3.06;;2.97;3.04;3.18;3.89;4.42;5.38;5.96;6.42;;7.34
10/01/1992;;2.86;3.04;3.17;;2.93;3.13;3.3;4.08;4.64;5.6;6.15;6.59;;7.53
11/01/1992;;3.13;3.34;3.52;;3.21;3.44;3.68;4.58;5.14;6.04;6.49;6.87;;7.61
12/01/1992;;3.22;3.36;3.55;;3.29;3.47;3.71;4.67;5.21;6.08;6.46;6.77;;7.44
01/01/1993;;3;3.14;3.35;;3.07;3.24;3.5;4.39;4.93;5.83;6.26;6.6;;7.34
02/01/1993;;2.93;3.07;3.25;;2.99;3.16;3.39;4.1;4.58;5.43;5.87;6.26;;7.09
03/01/1993;;2.95;3.05;3.2;;3.01;3.15;3.33;3.95;4.4;5.19;5.66;5.98;;6.82
04/01/1993;;2.87;2.97;3.11;;2.93;3.06;3.24;3.84;4.3;5.13;5.59;5.97;;6.85
05/01/1993;;2.96;3.07;3.23;;3.03;3.17;3.36;3.98;4.4;5.2;5.66;6.04;;6.92
06/01/1993;;3.07;3.2;3.39;;3.14;3.29;3.54;4.16;4.53;5.22;5.61;5.96;;6.81
07/01/1993;;3.04;3.16;3.33;;3.11;3.26;3.47;4.07;4.43;5.09;5.48;5.81;;6.63
08/01/1993;;3.02;3.14;3.3;;3.09;3.24;3.44;4;4.36;5.03;5.35;5.68;;6.32
09/01/1993;;2.95;3.06;3.22;;3.01;3.15;3.36;3.85;4.17;4.73;5.08;5.36;;6
10/01/1993;;3.02;3.12;3.25;;3.09;3.22;3.39;3.87;4.18;4.71;5.05;5.33;6.07;5.94
11/01/1993;;3.1;3.26;3.42;;3.18;3.36;3.58;4.16;4.5;5.06;5.45;5.72;6.38;6.21
12/01/1993;;3.06;3.23;3.45;;3.13;3.34;3.61;4.21;4.54;5.15;5.48;5.77;6.4;6.25
01/01/1994;;2.98;3.15;3.39;;3.04;3.25;3.54;4.14;4.48;5.09;5.43;5.75;6.39;6.29
02/01/1994;;3.25;3.43;3.69;;3.33;3.53;3.87;4.47;4.83;5.4;5.72;5.97;6.57;6.49
03/01/1994;;3.5;3.78;4.11;;3.59;3.92;4.32;5;5.4;5.94;6.28;6.48;7;6.91
04/01/1994;;3.68;4.09;4.57;;3.78;4.25;4.82;5.55;5.99;6.52;6.8;6.97;7.4;7.27
05/01/1994;;4.14;4.6;5.03;;4.27;4.79;5.31;5.97;6.34;6.78;7.01;7.18;7.54;7.41
06/01/1994;;4.14;4.55;4.98;;4.25;4.72;5.27;5.93;6.27;6.7;6.91;7.1;7.51;7.4
07/01/1994;;4.33;4.75;5.17;;4.46;4.95;5.48;6.13;6.48;6.91;7.12;7.3;7.67;7.58
08/01/1994;;4.48;4.88;5.25;;4.61;5.08;5.56;6.18;6.5;6.88;7.06;7.24;7.62;7.49
09/01/1994;;4.62;5.04;5.43;;4.75;5.24;5.76;6.39;6.69;7.08;7.28;7.46;7.87;7.71
10/01/1994;;4.95;5.39;5.75;;5.1;5.62;6.11;6.73;7.04;7.4;7.58;7.74;8.08;7.94
11/01/1994;;5.29;5.72;6.13;;5.45;5.98;6.54;7.15;7.44;7.72;7.83;7.96;8.2;8.08
12/01/1994;;5.6;6.21;6.67;;5.76;6.5;7.14;7.59;7.71;7.78;7.8;7.81;7.99;7.87
01/01/1995;;5.71;6.21;6.59;;5.9;6.51;7.05;7.51;7.66;7.76;7.79;7.78;7.97;7.85
02/01/1995;;5.77;6.03;6.28;;5.94;6.31;6.7;7.11;7.25;7.37;7.44;7.47;7.73;7.61
03/01/1995;;5.73;5.89;6.03;;5.91;6.17;6.43;6.78;6.89;7.05;7.14;7.2;7.57;7.45
04/01/1995;;5.65;5.77;5.88;;5.84;6.05;6.27;6.57;6.68;6.86;6.95;7.06;7.45;7.36
05/01/1995;;5.67;5.67;5.65;;5.85;5.93;6;6.17;6.27;6.41;6.5;6.63;7.01;6.95
06/01/1995;;5.47;5.42;5.33;;5.64;5.66;5.64;5.72;5.8;5.93;6.05;6.17;6.59;6.57
07/01/1995;;5.42;5.37;5.28;;5.59;5.62;5.59;5.78;5.89;6.01;6.2;6.28;6.74;6.72
08/01/1995;;5.4;5.41;5.43;;5.57;5.65;5.75;5.98;6.1;6.24;6.41;6.49;6.92;6.86
09/01/1995;;5.28;5.3;5.31;;5.43;5.54;5.62;5.81;5.89;6;6.13;6.2;6.65;6.55
10/01/1995;;5.28;5.32;5.28;;5.44;5.56;5.59;5.7;5.77;5.86;5.97;6.04;6.45;6.37
11/01/1995;;5.36;5.27;5.14;;5.52;5.51;5.43;5.48;5.57;5.69;5.83;5.93;6.33;6.26
12/01/1995;;5.14;5.13;5.03;;5.29;5.35;5.31;5.32;5.39;5.51;5.63;5.71;6.12;6.06
01/01/1996;;5;4.92;4.82;;5.15;5.13;5.09;5.11;5.2;5.36;5.54;5.65;6.11;6.05
02/01/1996;;4.83;4.77;4.69;;4.96;4.97;4.94;5.03;5.14;5.38;5.64;5.81;6.3;6.24
03/01/1996;;4.96;4.96;5.06;;5.1;5.16;5.34;5.66;5.79;5.97;6.19;6.27;6.74;6.6
04/01/1996;;4.95;5.06;5.23;;5.09;5.27;5.54;5.96;6.11;6.3;6.48;6.51;6.98;6.79
05/01/1996;;5.02;5.12;5.33;;5.15;5.33;5.64;6.1;6.27;6.48;6.66;6.74;7.11;6.93
06/01/1996;;5.09;5.25;5.48;;5.23;5.46;5.81;6.3;6.49;6.69;6.83;6.91;7.22;7.06
07/01/1996;;5.15;5.3;5.52;;5.3;5.52;5.85;6.27;6.45;6.64;6.76;6.87;7.14;7.03
08/01/1996;;5.05;5.13;5.35;;5.19;5.34;5.67;6.03;6.21;6.39;6.52;6.64;6.97;6.84
09/01/1996;;5.09;5.24;5.5;;5.24;5.45;5.83;6.23;6.41;6.6;6.73;6.83;7.17;7.03
10/01/1996;;4.99;5.11;5.25;;5.12;5.32;5.55;5.91;6.08;6.27;6.42;6.53;6.9;6.81
11/01/1996;;5.03;5.07;5.14;;5.17;5.27;5.42;5.7;5.82;5.97;6.1;6.2;6.58;6.48
12/01/1996;;4.91;5.04;5.18;;5.04;5.24;5.47;5.78;5.91;6.07;6.2;6.3;6.65;6.55
01/01/1997;;5.03;5.1;5.3;;5.17;5.31;5.61;6.01;6.16;6.33;6.47;6.58;6.91;6.83
02/01/1997;;5.01;5.06;5.23;;5.14;5.27;5.53;5.9;6.03;6.2;6.32;6.42;6.77;6.69
03/01/1997;;5.14;5.26;5.47;;5.28;5.48;5.8;6.22;6.38;6.54;6.65;6.69;7.05;6.93
04/01/1997;;5.16;5.37;5.64;;5.3;5.6;5.99;6.45;6.61;6.76;6.86;6.89;7.2;7.09
05/01/1997;;5.05;5.3;5.54;;5.2;5.53;5.87;6.28;6.42;6.57;6.66;6.71;7.02;6.94
06/01/1997;;4.93;5.13;5.38;;5.07;5.34;5.69;6.09;6.24;6.38;6.46;6.49;6.84;6.77
07/01/1997;;5.05;5.12;5.24;;5.19;5.33;5.54;5.89;6;6.12;6.2;6.22;6.56;6.51
08/01/1997;;5.14;5.19;5.27;;5.28;5.4;5.56;5.94;6.06;6.16;6.29;6.3;6.65;6.58
09/01/1997;;4.95;5.09;5.23;;5.08;5.3;5.52;5.88;5.98;6.11;6.2;6.21;6.56;6.5
10/01/1997;;4.97;5.09;5.17;;5.11;5.3;5.46;5.77;5.84;5.93;6.05;6.03;6.38;6.33
11/01/1997;;5.14;5.17;5.17;;5.28;5.38;5.46;5.71;5.76;5.8;5.9;5.88;6.2;6.11
12/01/1997;;5.16;5.24;5.24;;5.3;5.45;5.53;5.72;5.74;5.77;5.83;5.81;6.07;5.99
01/01/1998;;5.04;5.03;4.98;;5.18;5.23;5.24;5.36;5.38;5.42;5.53;5.54;5.88;5.81
02/01/1998;;5.09;5.07;5.04;;5.23;5.27;5.31;5.42;5.43;5.49;5.6;5.57;5.96;5.89
03/01/1998;;5.03;5.04;5.11;;5.16;5.25;5.39;5.56;5.57;5.61;5.71;5.65;6.01;5.95
04/01/1998;;4.95;5.06;5.1;;5.08;5.26;5.38;5.56;5.58;5.61;5.7;5.64;6;5.92
05/01/1998;;5;5.14;5.16;;5.14;5.36;5.44;5.59;5.61;5.63;5.72;5.65;6.01;5.93
06/01/1998;;4.98;5.12;5.13;;5.12;5.32;5.41;5.52;5.52;5.52;5.56;5.5;5.8;5.7
07/01/1998;;4.96;5.03;5.08;;5.09;5.23;5.36;5.46;5.47;5.46;5.52;5.46;5.78;5.68
08/01/1998;;4.9;4.95;4.94;;5.04;5.15;5.21;5.27;5.24;5.27;5.36;5.34;5.66;5.54
09/01/1998;;4.61;4.63;4.5;;4.74;4.81;4.71;4.67;4.62;4.62;4.76;4.81;5.38;5.2
10/01/1998;;3.96;4.05;3.95;;4.07;4.2;4.12;4.09;4.18;4.18;4.46;4.53;5.3;5.01
11/01/1998;;4.41;4.42;4.33;;4.53;4.59;4.53;4.54;4.57;4.54;4.78;4.83;5.48;5.25
12/01/1998;;4.39;4.4;4.32;;4.5;4.57;4.52;4.51;4.48;4.45;4.65;4.65;5.36;5.06
01/01/1999;;4.34;4.33;4.31;;4.45;4.49;4.51;4.62;4.61;4.6;4.8;4.72;5.45;5.16
02/01/1999;;4.44;4.44;4.48;;4.56;4.61;4.7;4.88;4.9;4.91;5.1;5;5.66;5.37
03/01/1999;;4.44;4.47;4.53;;4.57;4.65;4.78;5.05;5.11;5.14;5.36;5.23;5.87;5.58
04/01/1999;;4.29;4.37;4.45;;4.41;4.54;4.69;4.98;5.03;5.08;5.28;5.18;5.82;5.55
05/01/1999;;4.5;4.56;4.6;;4.63;4.75;4.85;5.25;5.33;5.44;5.64;5.54;6.08;5.81
06/01/1999;;4.57;4.82;4.82;;4.72;5.03;5.1;5.62;5.7;5.81;6.05;5.9;6.36;6.04
07/01/1999;;4.55;4.58;4.75;;4.69;4.75;5.03;5.55;5.62;5.68;5.94;5.79;6.28;5.98
08/01/1999;;4.72;4.87;4.91;;4.87;5.09;5.2;5.68;5.77;5.84;6.15;5.94;6.43;6.07
09/01/1999;;4.68;4.88;4.96;;4.82;5.08;5.25;5.66;5.75;5.8;6.12;5.92;6.5;6.07
10/01/1999;;4.86;4.98;5.12;;5.02;5.2;5.43;5.86;5.94;6.03;6.33;6.11;6.66;6.26
11/01/1999;;5.07;5.2;5.24;;5.23;5.43;5.55;5.86;5.92;5.97;6.17;6.03;6.48;6.15
12/01/1999;;5.2;5.44;5.51;;5.36;5.68;5.84;6.1;6.14;6.19;6.38;6.28;6.69;6.35
01/01/2000;;5.32;5.5;5.75;;5.5;5.76;6.12;6.44;6.49;6.58;6.7;6.66;6.86;6.63
02/01/2000;;5.55;5.72;5.84;;5.73;6;6.22;6.61;6.65;6.68;6.72;6.52;6.54;6.23
03/01/2000;;5.69;5.85;5.86;;5.86;6.11;6.22;6.53;6.53;6.5;6.51;6.26;6.38;6.05
04/01/2000;;5.66;5.81;5.8;;5.82;6.07;6.15;6.4;6.36;6.26;6.27;5.99;6.18;5.85
05/01/2000;;5.79;6.1;5.94;;5.99;6.39;6.33;6.81;6.77;6.69;6.69;6.44;6.55;6.15
06/01/2000;;5.69;5.97;5.83;;5.86;6.24;6.17;6.48;6.43;6.3;6.33;6.1;6.28;5.93
07/01/2000;;5.96;6;5.75;;6.14;6.27;6.08;6.34;6.28;6.18;6.22;6.05;6.2;5.85
08/01/2000;;6.09;6.07;5.87;;6.28;6.35;6.18;6.23;6.17;6.06;6.05;5.83;6.02;5.72
09/01/2000;;6;5.98;5.79;;6.18;6.25;6.13;6.08;6.02;5.93;5.98;5.8;6.09;5.83
10/01/2000;;6.11;6.04;5.72;;6.29;6.32;6.01;5.91;5.85;5.78;5.84;5.74;6.04;5.8
11/01/2000;;6.17;6.06;5.84;;6.36;6.34;6.09;5.88;5.79;5.7;5.78;5.72;5.98;5.78
12/01/2000;;5.77;5.68;5.33;;5.94;5.92;5.6;5.35;5.26;5.17;5.28;5.24;5.64;5.49
01/01/2001;;5.15;4.95;4.63;;5.29;5.15;4.81;4.76;4.77;4.86;5.13;5.16;5.65;5.54
02/01/2001;;4.88;4.71;4.51;;5.01;4.89;4.68;4.66;4.71;4.89;5.1;5.1;5.62;5.45
03/01/2001;;4.42;4.28;4.11;;4.54;4.44;4.3;4.34;4.43;4.64;4.88;4.89;5.49;5.34
04/01/2001;;3.87;3.85;3.8;;3.97;3.99;3.98;4.23;4.42;4.76;5.03;5.14;5.78;5.65
05/01/2001;;3.62;3.62;3.6;;3.7;3.74;3.78;4.26;4.51;4.93;5.24;5.39;5.92;5.78
06/01/2001;;3.49;3.45;3.37;;3.57;3.56;3.58;4.08;4.35;4.81;5.14;5.28;5.82;5.67
07/01/2001;3.61;3.51;3.45;3.39;3.67;3.59;3.56;3.62;4.04;4.31;4.76;5.06;5.24;5.75;5.61
08/01/2001;3.48;3.36;3.29;3.26;3.53;3.44;3.39;3.47;3.76;4.04;4.57;4.84;4.97;5.58;5.48
09/01/2001;2.63;2.64;2.63; ;2.68;2.69;2.71;2.82;3.12;3.45;4.12;4.51;4.73;5.53;5.48
10/01/2001;2.24;2.16;2.12; ;2.27;2.2;2.17;2.33;2.73;3.14;3.91;4.31;4.57;5.34;5.32
11/01/2001;1.96;1.87;1.88; ;1.99;1.91;1.92;2.18;2.78;3.22;3.97;4.42;4.65;5.33;5.12
12/01/2001;1.69;1.69;1.78; ;1.72;1.72;1.82;2.22;3.11;3.62;4.39;4.86;5.09;5.76;5.48
01/01/2002;1.65;1.65;1.73; ;1.68;1.68;1.77;2.16;3.03;3.56;4.34;4.79;5.04;5.69;5.45
02/01/2002;1.71;1.73;1.82; ;1.74;1.76;1.86;2.23;3.02;3.55;4.3;4.71;4.91;5.61;5.4
03/01/2002;1.76;1.79;2.01; ;1.79;1.83;2.06;2.57;3.56;4.14;4.74;5.14;5.28;5.93;
04/01/2002;1.69;1.72;1.93; ;1.72;1.75;1.98;2.48;3.42;4.01;4.65;5.02;5.21;5.85;
05/01/2002;1.71;1.73;1.86; ;1.74;1.76;1.91;2.35;3.26;3.8;4.49;4.9;5.16;5.81;
06/01/2002;1.69;1.7;1.79; ;1.72;1.73;1.83;2.2;2.99;3.49;4.19;4.6;4.93;5.65;
07/01/2002;1.69;1.68;1.7; ;1.72;1.71;1.74;1.96;2.56;3.01;3.81;4.3;4.65;5.51;
08/01/2002;1.66;1.62;1.6; ;1.68;1.65;1.64;1.76;2.13;2.52;3.29;3.88;4.26;5.19;
09/01/2002;1.65;1.63;1.6; ;1.67;1.66;1.64;1.72;2;2.32;2.94;3.5;3.87;4.87;
10/01/2002;1.6;1.58;1.56; ;1.62;1.61;1.59;1.65;1.91;2.25;2.95;3.54;3.94;5;
11/01/2002;1.24;1.23;1.27; ;1.26;1.25;1.3;1.49;1.92;2.32;3.05;3.64;4.05;5.04;
12/01/2002;1.18;1.19;1.24; ;1.2;1.21;1.27;1.45;1.84;2.23;3.03;3.63;4.03;5.01;
01/01/2003;1.15;1.17;1.2; ;1.17;1.19;1.22;1.36;1.74;2.18;3.05;3.6;4.05;5.02;
02/01/2003;1.18;1.17;1.18; ;1.2;1.19;1.2;1.3;1.63;2.05;2.9;3.45;3.9;4.87;
03/01/2003;1.16;1.13;1.13; ;1.18;1.15;1.16;1.24;1.57;1.98;2.78;3.34;3.81;4.82;
04/01/2003;1.14;1.13;1.14; ;1.16;1.15;1.17;1.27;1.62;2.06;2.93;3.47;3.96;4.91;
05/01/2003;1.06;1.07;1.08; ;1.08;1.09;1.11;1.18;1.42;1.75;2.52;3.07;3.57;4.52;
06/01/2003;0.96;0.92;0.92; ;0.97;0.94;0.94;1.01;1.23;1.51;2.27;2.84;3.33;4.34;
07/01/2003;0.88;0.9;0.95; ;0.9;0.92;0.97;1.12;1.47;1.93;2.87;3.45;3.98;4.92;
08/01/2003;0.93;0.95;1.03; ;0.95;0.97;1.05;1.31;1.86;2.44;3.37;3.96;4.45;5.39;
09/01/2003;0.89;0.94;1.01; ;0.91;0.96;1.03;1.24;1.71;2.23;3.18;3.74;4.27;5.21;
10/01/2003;0.89;0.92;1; ;0.91;0.94;1.02;1.25;1.75;2.26;3.19;3.75;4.29;5.21;
11/01/2003;0.92;0.93;1.02; ;0.94;0.95;1.04;1.34;1.93;2.45;3.29;3.81;4.3;5.17;
12/01/2003;0.87;0.9;0.99; ;0.89;0.91;1.01;1.31;1.91;2.44;3.27;3.79;4.27;5.11;
01/01/2004;0.83;0.88;0.97; ;0.85;0.9;0.99;1.24;1.76;2.27;3.12;3.65;4.15;5.01;
02/01/2004;0.9;0.93;0.99; ;0.92;0.94;1.01;1.24;1.74;2.25;3.07;3.59;4.08;4.94;
03/01/2004;0.95;0.94;0.99; ;0.96;0.95;1.01;1.19;1.58;2;2.79;3.31;3.83;4.72;
04/01/2004;0.89;0.94;1.09; ;0.91;0.96;1.11;1.43;2.07;2.57;3.39;3.89;4.35;5.16;
05/01/2004;0.89;1.02;1.31; ;0.91;1.04;1.33;1.78;2.53;3.1;3.85;4.31;4.72;5.46;
06/01/2004;1.02;1.27;1.6; ;1.05;1.29;1.64;2.12;2.76;3.26;3.93;4.35;4.73;5.45;
07/01/2004;1.16;1.33;1.66; ;1.19;1.36;1.7;2.1;2.64;3.05;3.69;4.11;4.5;5.24;
08/01/2004;1.35;1.48;1.72; ;1.37;1.5;1.76;2.02;2.51;2.88;3.47;3.9;4.28;5.07;
09/01/2004;1.52;1.65;1.87; ;1.55;1.68;1.91;2.12;2.53;2.83;3.36;3.75;4.13;4.89;
10/01/2004;1.6;1.76;2; ;1.63;1.79;2.05;2.23;2.58;2.85;3.35;3.75;4.1;4.85;
11/01/2004;1.88;2.07;2.27; ;1.92;2.11;2.32;2.5;2.85;3.09;3.53;3.88;4.19;4.89;
12/01/2004;1.92;2.19;2.43; ;1.96;2.22;2.5;2.67;3.01;3.21;3.6;3.93;4.23;4.88;
01/01/2005;1.99;2.33;2.61; ;2.05;2.37;2.68;2.86;3.22;3.39;3.71;3.97;4.22;4.77;
02/01/2005;2.32;2.54;2.77; ;2.36;2.58;2.85;3.03;3.38;3.54;3.77;3.97;4.17;4.61;
03/01/2005;2.6;2.74;3; ;2.65;2.8;3.09;3.3;3.73;3.91;4.17;4.33;4.5;4.89;
04/01/2005;2.59;2.78;3.05; ;2.64;2.84;3.14;3.32;3.65;3.79;4;4.16;4.34;4.75;
05/01/2005;2.59;2.84;3.08; ;2.65;2.9;3.17;3.33;3.64;3.72;3.85;3.94;4.14;4.56;
06/01/2005;2.78;2.97;3.13; ;2.83;3.04;3.22;3.36;3.64;3.69;3.77;3.86;4;4.35;
07/01/2005;3.04;3.22;3.42; ;3.1;3.29;3.53;3.64;3.87;3.91;3.98;4.06;4.18;4.48;
08/01/2005;3.28;3.44;3.66; ;3.34;3.52;3.78;3.87;4.04;4.08;4.12;4.18;4.26;4.53;
09/01/2005;3.16;3.42;3.67; ;3.23;3.49;3.79;3.85;3.95;3.96;4.01;4.08;4.2;4.51;
10/01/2005;3.44;3.71;3.99; ;3.51;3.79;4.13;4.18;4.27;4.29;4.33;4.38;4.46;4.74;
11/01/2005;3.84;3.88;4.15; ;3.91;3.97;4.3;4.33;4.42;4.43;4.45;4.48;4.54;4.83;
12/01/2005;3.61;3.89;4.18; ;3.69;3.97;4.33;4.35;4.4;4.39;4.39;4.41;4.47;4.73;
01/01/2006;4.03;4.24;4.31; ;4.12;4.34;4.47;4.45;4.4;4.35;4.35;4.37;4.42;4.65;
02/01/2006;4.31;4.43;4.52; ;4.38;4.54;4.69;4.68;4.67;4.64;4.57;4.56;4.57;4.73;4.54
03/01/2006;4.47;4.51;4.62; ;4.55;4.63;4.79;4.77;4.73;4.74;4.72;4.71;4.72;4.91;4.73
04/01/2006;4.52;4.6;4.72; ;4.61;4.72;4.9;4.9;4.89;4.89;4.9;4.94;4.99;5.22;5.06
05/01/2006;4.61;4.72;4.82; ;4.7;4.84;5.01;5;4.97;4.97;5;5.03;5.11;5.35;5.2
06/01/2006;4.62;4.79;4.97; ;4.71;4.92;5.17;5.16;5.12;5.09;5.07;5.08;5.11;5.29;5.15
07/01/2006;4.8;4.95;5.06; ;4.9;5.08;5.27;5.22;5.12;5.07;5.04;5.05;5.09;5.25;5.13
08/01/2006;5.08;4.96;4.97; ;5.16;5.09;5.17;5.08;4.9;4.85;4.82;4.83;4.88;5.08;5
09/01/2006;4.68;4.81;4.89; ;4.77;4.93;5.08;4.97;4.77;4.69;4.67;4.68;4.72;4.93;4.85
10/01/2006;4.88;4.92;4.92; ;4.97;5.05;5.12;5.01;4.8;4.72;4.69;4.69;4.73;4.94;4.85
11/01/2006;5.13;4.94;4.95; ;5.21;5.07;5.15;5.01;4.74;4.64;4.58;4.58;4.6;4.78;4.69
12/01/2006;4.78;4.85;4.88; ;4.87;4.97;5.07;4.94;4.67;4.58;4.53;4.54;4.56;4.78;4.68
01/01/2007;4.84;4.98;4.95; ;4.94;5.11;5.15;5.06;4.88;4.79;4.75;4.75;4.76;4.95;4.85
02/01/2007;5.09;5.03;4.96; ;5.18;5.16;5.16;5.05;4.85;4.75;4.71;4.71;4.72;4.93;4.82
03/01/2007;5.11;4.94;4.89; ;5.21;5.08;5.1;4.92;4.57;4.51;4.48;4.5;4.56;4.81;4.72
04/01/2007;4.89;4.87;4.86; ;4.99;5.01;5.07;4.93;4.67;4.6;4.59;4.62;4.69;4.95;4.87
05/01/2007;4.72;4.73;4.78; ;4.82;4.87;4.98;4.91;4.77;4.69;4.67;4.69;4.75;4.98;4.9
06/01/2007;4.42;4.61;4.76; ;4.52;4.74;4.95;4.96;4.98;5;5.03;5.05;5.1;5.29;5.2
07/01/2007;4.71;4.82;4.83; ;4.82;4.96;5.04;4.96;4.82;4.82;4.88;4.93;5;5.19;5.11
08/01/2007;4.11;4.2;4.38; ;4.2;4.32;4.55;4.47;4.31;4.34;4.43;4.53;4.67;5;4.93
09/01/2007;3.7;3.89;4.05; ;3.78;3.99;4.2;4.14;4.01;4.06;4.2;4.33;4.52;4.84;4.79
10/01/2007;3.72;3.9;4.01; ;3.81;4;4.16;4.1;3.97;4.01;4.2;4.33;4.53;4.83;4.77
11/01/2007;3.63;3.27;3.46; ;3.68;3.35;3.58;3.5;3.34;3.35;3.67;3.87;4.15;4.56;4.52
12/01/2007;2.79;3;3.23; ;2.86;3.07;3.34;3.26;3.12;3.13;3.49;3.74;4.1;4.57;4.53
01/01/2008;2.68;2.75;2.75; ;2.74;2.82;2.84;2.71;2.48;2.51;2.98;3.31;3.74;4.35;4.33
02/01/2008;2.23;2.12;2.04; ;2.27;2.17;2.1;2.05;1.97;2.19;2.78;3.21;3.74;4.49;4.52
03/01/2008;1.34;1.26;1.48; ;1.35;1.28;1.51;1.54;1.62;1.8;2.48;2.93;3.51;4.36;4.39
04/01/2008;1.04;1.29;1.55; ;1.07;1.31;1.58;1.74;2.05;2.23;2.84;3.19;3.68;4.44;4.44
05/01/2008;1.73;1.73;1.82; ;1.76;1.76;1.86;2.06;2.45;2.69;3.15;3.46;3.88;4.6;4.6
06/01/2008;1.69;1.86;2.13;2.35;1.72;1.89;2.19;2.42;2.77;3.08;3.49;3.73;4.1;4.74;4.69
07/01/2008;1.58;1.63;1.93;2.2;1.6;1.66;1.98;2.28;2.57;2.87;3.3;3.6;4.01;4.62;4.57
08/01/2008;1.65;1.72;1.92;2.11;1.68;1.75;1.97;2.18;2.42;2.7;3.14;3.46;3.89;4.53;4.5
09/01/2008;0.86;1.13;1.61;1.86;0.89;1.15;1.64;1.91;2.08;2.32;2.88;3.25;3.69;4.32;4.27
10/01/2008;0.26;0.67;1.2;1.38;0.29;0.69;1.23;1.42;1.61;1.86;2.73;3.19;3.81;4.45;4.17
11/01/2008;0.09;0.19;0.73;1.04;0.09;0.19;0.74;1.07;1.21;1.51;2.29;2.82;3.53;4.27;4
12/01/2008;0.03;0.03;0.26;0.47;0.03;0.03;0.26;0.49;0.82;1.07;1.52;1.89;2.42;3.18;2.87
01/01/2009;0.05;0.13;0.3;0.42;0.05;0.13;0.3;0.44;0.81;1.13;1.6;1.98;2.52;3.46;3.13
02/01/2009;0.22;0.3;0.45;0.6;0.22;0.3;0.46;0.62;0.98;1.37;1.87;2.3;2.87;3.83;3.59
03/01/2009;0.1;0.21;0.42;0.62;0.1;0.22;0.43;0.64;0.93;1.31;1.82;2.42;2.82;3.78;3.64
04/01/2009;0.09;0.16;0.35;0.52;0.1;0.16;0.35;0.55;0.93;1.32;1.86;2.47;2.93;3.84;3.76
05/01/2009;0.14;0.18;0.3;0.48;0.14;0.18;0.3;0.5;0.93;1.39;2.13;2.81;3.29;4.22;4.23
06/01/2009;0.1;0.18;0.31;0.49;0.1;0.18;0.31;0.51;1.18;1.76;2.71;3.37;3.72;4.51;4.52
07/01/2009;0.15;0.18;0.27;0.46;0.15;0.18;0.28;0.48;1.02;1.55;2.46;3.14;3.56;4.38;4.41
08/01/2009;0.12;0.17;0.26;0.44;0.12;0.17;0.27;0.46;1.12;1.65;2.57;3.21;3.59;4.33;4.37
09/01/2009;0.06;0.12;0.21;0.38;0.06;0.12;0.21;0.4;0.96;1.48;2.37;3.02;3.4;4.14;4.19
10/01/2009;0.04;0.07;0.16;0.35;0.04;0.07;0.16;0.37;0.95;1.46;2.33;2.96;3.39;4.16;4.19
11/01/2009;0.05;0.05;0.15;0.29;0.05;0.05;0.15;0.31;0.8;1.32;2.23;2.92;3.4;4.24;4.31
12/01/2009;0.03;0.05;0.17;0.35;0.03;0.05;0.17;0.37;0.87;1.38;2.34;3.07;3.59;4.4;4.49
01/01/2010;0.02;0.06;0.15;0.32;0.02;0.06;0.15;0.35;0.93;1.49;2.48;3.21;3.73;4.5;4.6
02/01/2010;0.06;0.11;0.18;0.33;0.06;0.11;0.18;0.35;0.86;1.4;2.36;3.12;3.69;4.48;4.62
03/01/2010;0.11;0.15;0.22;0.37;0.12;0.15;0.23;0.4;0.96;1.51;2.43;3.16;3.73;4.49;4.64
04/01/2010;0.15;0.16;0.24;0.42;0.15;0.16;0.24;0.45;1.06;1.64;2.58;3.28;3.85;4.53;4.69
05/01/2010;0.15;0.16;0.22;0.35;0.15;0.16;0.22;0.37;0.83;1.32;2.18;2.86;3.42;4.11;4.29
06/01/2010;0.08;0.12;0.19;0.3;0.08;0.12;0.19;0.32;0.72;1.17;2;2.66;3.2;3.95;4.13
07/01/2010;0.16;0.16;0.2;0.28;0.16;0.16;0.2;0.29;0.62;0.98;1.76;2.43;3.01;3.8;3.99
08/01/2010;0.15;0.16;0.19;0.25;0.15;0.16;0.19;0.26;0.52;0.78;1.47;2.1;2.7;3.52;3.8
09/01/2010;0.12;0.15;0.19;0.25;0.12;0.15;0.19;0.26;0.48;0.74;1.41;2.05;2.65;3.47;3.77
10/01/2010;0.14;0.13;0.18;0.22;0.14;0.13;0.18;0.23;0.38;0.57;1.18;1.85;2.54;3.52;3.87
11/01/2010;0.13;0.14;0.18;0.24;0.13;0.14;0.18;0.25;0.45;0.67;1.35;2.02;2.76;3.82;4.19
12/01/2010;0.08;0.14;0.19;0.28;0.09;0.14;0.19;0.29;0.62;0.99;1.93;2.66;3.29;4.17;4.42
01/01/2011;0.14;0.15;0.18;0.26;0.14;0.15;0.18;0.27;0.61;1.03;1.99;2.72;3.39;4.28;4.52
02/01/2011;0.11;0.13;0.17;0.27;0.11;0.13;0.17;0.29;0.77;1.28;2.26;2.96;3.58;4.42;4.65
03/01/2011;0.06;0.1;0.16;0.24;0.06;0.1;0.16;0.26;0.7;1.17;2.11;2.8;3.41;4.27;4.51
04/01/2011;0.03;0.06;0.12;0.23;0.03;0.06;0.12;0.25;0.73;1.21;2.17;2.84;3.46;4.28;4.5
05/01/2011;0.02;0.04;0.09;0.17;0.02;0.04;0.09;0.19;0.56;0.94;1.84;2.51;3.17;4.01;4.29
06/01/2011;0.02;0.04;0.1;0.17;0.02;0.04;0.1;0.18;0.41;0.71;1.58;2.29;3;3.91;4.23
07/01/2011;0.04;0.04;0.08;0.18;0.04;0.04;0.08;0.19;0.41;0.68;1.54;2.28;3;3.95;4.27
08/01/2011;0.02;0.02;0.06;0.11;0.02;0.02;0.06;0.11;0.23;0.38;1.02;1.63;2.3;3.24;3.65
09/01/2011;0;0.01;0.04;0.1;0.01;0.01;0.04;0.1;0.21;0.35;0.9;1.42;1.98;2.83;3.18
10/01/2011;0.01;0.02;0.05;0.11;0.01;0.02;0.05;0.11;0.28;0.47;1.06;1.62;2.15;2.87;3.13
11/01/2011;0.01;0.01;0.05;0.11;0.01;0.01;0.05;0.11;0.25;0.39;0.91;1.45;2.01;2.72;3.02
12/01/2011;0;0.01;0.05;0.11;0;0.01;0.05;0.12;0.26;0.39;0.89;1.43;1.98;2.67;2.98
01/01/2012;0.02;0.03;0.07;0.11;0.02;0.03;0.07;0.12;0.24;0.36;0.84;1.38;1.97;2.7;3.03
02/01/2012;0.06;0.09;0.12;0.15;0.06;0.09;0.12;0.16;0.28;0.38;0.83;1.37;1.97;2.75;3.11
03/01/2012;0.06;0.08;0.14;0.18;0.06;0.08;0.14;0.19;0.34;0.51;1.02;1.56;2.17;2.94;3.28
04/01/2012;0.07;0.08;0.14;0.18;0.07;0.08;0.14;0.18;0.29;0.43;0.89;1.43;2.05;2.82;3.18
05/01/2012;0.07;0.09;0.15;0.19;0.07;0.09;0.15;0.19;0.29;0.39;0.76;1.21;1.8;2.53;2.93
06/01/2012;0.05;0.09;0.15;0.18;0.05;0.09;0.15;0.19;0.29;0.39;0.71;1.08;1.62;2.31;2.7
07/01/2012;0.07;0.1;0.15;0.18;0.07;0.1;0.15;0.19;0.25;0.33;0.62;0.98;1.53;2.22;2.59
08/01/2012;0.09;0.1;0.14;0.18;0.09;0.1;0.14;0.18;0.27;0.37;0.71;1.14;1.68;2.4;2.77
09/01/2012;0.07;0.11;0.14;0.17;0.08;0.11;0.14;0.18;0.26;0.34;0.67;1.12;1.72;2.49;2.88
10/01/2012;0.11;0.1;0.15;0.17;0.11;0.1;0.15;0.18;0.28;0.37;0.71;1.15;1.75;2.51;2.9
11/01/2012;0.13;0.09;0.14;0.17;0.12;0.09;0.14;0.18;0.27;0.36;0.67;1.08;1.65;2.39;2.8
12/01/2012;0.04;0.07;0.12;0.15;0.04;0.07;0.12;0.16;0.26;0.35;0.7;1.13;1.72;2.47;2.88
