Date,ten_year_t_bill,three_mth_t_bill,cpi_index_seas,pce_chain,fed_funds
1934-01-01,NA,0.72,NA,NA,NA
1934-02-01,NA,0.62,NA,NA,NA
1934-03-01,NA,0.24,NA,NA,NA
1934-04-01,NA,0.15,NA,NA,NA
1934-05-01,NA,0.16,NA,NA,NA
1934-06-01,NA,0.15,NA,NA,NA
1934-07-01,NA,0.15,NA,NA,NA
1934-08-01,NA,0.19,NA,NA,NA
1934-09-01,NA,0.21,NA,NA,NA
1934-10-01,NA,0.27,NA,NA,NA
1934-11-01,NA,0.25,NA,NA,NA
1934-12-01,NA,0.23,NA,NA,NA
1935-01-01,NA,0.20,NA,NA,NA
1935-02-01,NA,0.19,NA,NA,NA
1935-03-01,NA,0.15,NA,NA,NA
1935-04-01,NA,0.15,NA,NA,NA
1935-05-01,NA,0.15,NA,NA,NA
1935-06-01,NA,0.15,NA,NA,NA
1935-07-01,NA,0.15,NA,NA,NA
1935-08-01,NA,0.16,NA,NA,NA
1935-09-01,NA,0.20,NA,NA,NA
1935-10-01,NA,0.20,NA,NA,NA
1935-11-01,NA,0.16,NA,NA,NA
1935-12-01,NA,0.15,NA,NA,NA
1936-01-01,NA,0.20,NA,NA,NA
1936-02-01,NA,0.20,NA,NA,NA
1936-03-01,NA,0.20,NA,NA,NA
1936-04-01,NA,0.20,NA,NA,NA
1936-05-01,NA,0.20,NA,NA,NA
1936-06-01,NA,0.20,NA,NA,NA
1936-07-01,NA,0.15,NA,NA,NA
1936-08-01,NA,0.20,NA,NA,NA
1936-09-01,NA,0.16,NA,NA,NA
1936-10-01,NA,0.13,NA,NA,NA
1936-11-01,NA,0.11,NA,NA,NA
1936-12-01,NA,0.12,NA,NA,NA
1937-01-01,NA,0.17,NA,NA,NA
1937-02-01,NA,0.15,NA,NA,NA
1937-03-01,NA,0.38,NA,NA,NA
1937-04-01,NA,0.56,NA,NA,NA
1937-05-01,NA,0.41,NA,NA,NA
1937-06-01,NA,0.36,NA,NA,NA
1937-07-01,NA,0.28,NA,NA,NA
1937-08-01,NA,0.29,NA,NA,NA
1937-09-01,NA,0.31,NA,NA,NA
1937-10-01,NA,0.20,NA,NA,NA
1937-11-01,NA,0.09,NA,NA,NA
1937-12-01,NA,0.11,NA,NA,NA
1938-01-01,NA,0.10,NA,NA,NA
1938-02-01,NA,0.08,NA,NA,NA
1938-03-01,NA,0.08,NA,NA,NA
1938-04-01,NA,0.09,NA,NA,NA
1938-05-01,NA,0.05,NA,NA,NA
1938-06-01,NA,0.05,NA,NA,NA
1938-07-01,NA,0.07,NA,NA,NA
1938-08-01,NA,0.06,NA,NA,NA
1938-09-01,NA,0.08,NA,NA,NA
1938-10-01,NA,0.05,NA,NA,NA
1938-11-01,NA,0.04,NA,NA,NA
1938-12-01,NA,0.03,NA,NA,NA
1939-01-01,NA,0.03,NA,NA,NA
1939-02-01,NA,0.03,NA,NA,NA
1939-03-01,NA,0.03,NA,NA,NA
1939-04-01,NA,0.03,NA,NA,NA
1939-05-01,NA,0.03,NA,NA,NA
1939-06-01,NA,0.03,NA,NA,NA
1939-07-01,NA,0.04,NA,NA,NA
1939-08-01,NA,0.05,NA,NA,NA
1939-09-01,NA,0.14,NA,NA,NA
1939-10-01,NA,0.05,NA,NA,NA
1939-11-01,NA,0.05,NA,NA,NA
1939-12-01,NA,0.04,NA,NA,NA
1940-01-01,NA,0.01,NA,NA,NA
1940-02-01,NA,0.02,NA,NA,NA
1940-03-01,NA,0.02,NA,NA,NA
1940-04-01,NA,0.02,NA,NA,NA
1940-05-01,NA,0.06,NA,NA,NA
1940-06-01,NA,0.10,NA,NA,NA
1940-07-01,NA,0.05,NA,NA,NA
1940-08-01,NA,0.04,NA,NA,NA
1940-09-01,NA,0.05,NA,NA,NA
1940-10-01,NA,0.02,NA,NA,NA
1940-11-01,NA,0.02,NA,NA,NA
1940-12-01,NA,0.02,NA,NA,NA
1941-01-01,NA,0.02,NA,NA,NA
1941-02-01,NA,0.04,NA,NA,NA
1941-03-01,NA,0.11,NA,NA,NA
1941-04-01,NA,0.10,NA,NA,NA
1941-05-01,NA,0.11,NA,NA,NA
1941-06-01,NA,0.12,NA,NA,NA
1941-07-01,NA,0.12,NA,NA,NA
1941-08-01,NA,0.13,NA,NA,NA
1941-09-01,NA,0.10,NA,NA,NA
1941-10-01,NA,0.09,NA,NA,NA
1941-11-01,NA,0.28,NA,NA,NA
1941-12-01,NA,0.33,NA,NA,NA
1942-01-01,NA,0.27,NA,NA,NA
1942-02-01,NA,0.25,NA,NA,NA
1942-03-01,NA,0.25,NA,NA,NA
1942-04-01,NA,0.32,NA,NA,NA
1942-05-01,NA,0.37,NA,NA,NA
1942-06-01,NA,0.37,NA,NA,NA
1942-07-01,NA,0.38,NA,NA,NA
1942-08-01,NA,0.38,NA,NA,NA
1942-09-01,NA,0.38,NA,NA,NA
1942-10-01,NA,0.38,NA,NA,NA
1942-11-01,NA,0.38,NA,NA,NA
1942-12-01,NA,0.38,NA,NA,NA
1943-01-01,NA,0.38,NA,NA,NA
1943-02-01,NA,0.38,NA,NA,NA
1943-03-01,NA,0.38,NA,NA,NA
1943-04-01,NA,0.38,NA,NA,NA
1943-05-01,NA,0.38,NA,NA,NA
1943-06-01,NA,0.38,NA,NA,NA
1943-07-01,NA,0.38,NA,NA,NA
1943-08-01,NA,0.38,NA,NA,NA
1943-09-01,NA,0.38,NA,NA,NA
1943-10-01,NA,0.38,NA,NA,NA
1943-11-01,NA,0.38,NA,NA,NA
1943-12-01,NA,0.38,NA,NA,NA
1944-01-01,NA,0.38,NA,NA,NA
1944-02-01,NA,0.38,NA,NA,NA
1944-03-01,NA,0.38,NA,NA,NA
1944-04-01,NA,0.38,NA,NA,NA
1944-05-01,NA,0.38,NA,NA,NA
1944-06-01,NA,0.38,NA,NA,NA
1944-07-01,NA,0.38,NA,NA,NA
1944-08-01,NA,0.38,NA,NA,NA
1944-09-01,NA,0.38,NA,NA,NA
1944-10-01,NA,0.38,NA,NA,NA
1944-11-01,NA,0.38,NA,NA,NA
1944-12-01,NA,0.38,NA,NA,NA
1945-01-01,NA,0.38,NA,NA,NA
1945-02-01,NA,0.38,NA,NA,NA
1945-03-01,NA,0.38,NA,NA,NA
1945-04-01,NA,0.38,NA,NA,NA
1945-05-01,NA,0.38,NA,NA,NA
1945-06-01,NA,0.38,NA,NA,NA
1945-07-01,NA,0.38,NA,NA,NA
1945-08-01,NA,0.38,NA,NA,NA
1945-09-01,NA,0.38,NA,NA,NA
1945-10-01,NA,0.38,NA,NA,NA
1945-11-01,NA,0.38,NA,NA,NA
1945-12-01,NA,0.38,NA,NA,NA
1946-01-01,NA,0.38,NA,NA,NA
1946-02-01,NA,0.38,NA,NA,NA
1946-03-01,NA,0.38,NA,NA,NA
1946-04-01,NA,0.38,NA,NA,NA
1946-05-01,NA,0.38,NA,NA,NA
1946-06-01,NA,0.38,NA,NA,NA
1946-07-01,NA,0.38,NA,NA,NA
1946-08-01,NA,0.38,NA,NA,NA
1946-09-01,NA,0.38,NA,NA,NA
1946-10-01,NA,0.38,NA,NA,NA
1946-11-01,NA,0.38,NA,NA,NA
1946-12-01,NA,0.38,NA,NA,NA
1947-01-01,NA,0.38,21.480,NA,NA
1947-02-01,NA,0.38,21.620,NA,NA
1947-03-01,NA,0.38,22.000,NA,NA
1947-04-01,NA,0.38,22.000,NA,NA
1947-05-01,NA,0.38,21.950,NA,NA
1947-06-01,NA,0.38,22.080,NA,NA
1947-07-01,NA,0.66,22.230,NA,NA
1947-08-01,NA,0.75,22.400,NA,NA
1947-09-01,NA,0.80,22.840,NA,NA
1947-10-01,NA,0.85,22.910,NA,NA
1947-11-01,NA,0.92,23.060,NA,NA
1947-12-01,NA,0.95,23.410,NA,NA
1948-01-01,NA,0.97,23.680,NA,NA
1948-02-01,NA,1.00,23.670,NA,NA
1948-03-01,NA,1.00,23.500,NA,NA
1948-04-01,NA,1.00,23.820,NA,NA
1948-05-01,NA,1.00,24.010,NA,NA
1948-06-01,NA,1.00,24.150,NA,NA
1948-07-01,NA,1.00,24.400,NA,NA
1948-08-01,NA,1.06,24.430,NA,NA
1948-09-01,NA,1.09,24.360,NA,NA
1948-10-01,NA,1.12,24.310,NA,NA
1948-11-01,NA,1.14,24.160,NA,NA
1948-12-01,NA,1.16,24.050,NA,NA
1949-01-01,NA,1.17,24.010,NA,NA
1949-02-01,NA,1.17,23.910,NA,NA
1949-03-01,NA,1.17,23.910,NA,NA
1949-04-01,NA,1.17,23.920,NA,NA
1949-05-01,NA,1.17,23.910,NA,NA
1949-06-01,NA,1.17,23.920,NA,NA
1949-07-01,NA,1.02,23.700,NA,NA
1949-08-01,NA,1.04,23.700,NA,NA
1949-09-01,NA,1.07,23.750,NA,NA
1949-10-01,NA,1.05,23.670,NA,NA
1949-11-01,NA,1.08,23.700,NA,NA
1949-12-01,NA,1.10,23.610,NA,NA
1950-01-01,NA,1.07,23.510,NA,NA
1950-02-01,NA,1.12,23.610,NA,NA
1950-03-01,NA,1.12,23.640,NA,NA
1950-04-01,NA,1.15,23.650,NA,NA
1950-05-01,NA,1.16,23.770,NA,NA
1950-06-01,NA,1.15,23.880,NA,NA
1950-07-01,NA,1.16,24.070,NA,NA
1950-08-01,NA,1.20,24.200,NA,NA
1950-09-01,NA,1.30,24.340,NA,NA
1950-10-01,NA,1.31,24.500,NA,NA
1950-11-01,NA,1.36,24.600,NA,NA
1950-12-01,NA,1.34,24.980,NA,NA
1951-01-01,NA,1.34,25.380,NA,NA
1951-02-01,NA,1.36,25.830,NA,NA
1951-03-01,NA,1.40,25.880,NA,NA
1951-04-01,NA,1.47,25.920,NA,NA
1951-05-01,NA,1.55,25.990,NA,NA
1951-06-01,NA,1.45,25.930,NA,NA
1951-07-01,NA,1.56,25.910,NA,NA
1951-08-01,NA,1.62,25.860,NA,NA
1951-09-01,NA,1.63,26.030,NA,NA
1951-10-01,NA,1.54,26.160,NA,NA
1951-11-01,NA,1.56,26.320,NA,NA
1951-12-01,NA,1.73,26.470,NA,NA
1952-01-01,NA,1.57,26.450,NA,NA
1952-02-01,NA,1.54,26.410,NA,NA
1952-03-01,NA,1.59,26.390,NA,NA
1952-04-01,NA,1.57,26.460,NA,NA
1952-05-01,NA,1.67,26.470,NA,NA
1952-06-01,NA,1.70,26.530,NA,NA
1952-07-01,NA,1.81,26.680,NA,NA
1952-08-01,NA,1.83,26.690,NA,NA
1952-09-01,NA,1.71,26.630,NA,NA
1952-10-01,NA,1.74,26.690,NA,NA
1952-11-01,NA,1.85,26.690,NA,NA
1952-12-01,NA,2.09,26.710,NA,NA
1953-01-01,NA,1.96,26.640,NA,NA
1953-02-01,NA,1.97,26.590,NA,NA
1953-03-01,NA,2.01,26.630,NA,NA
1953-04-01,2.83,2.19,26.690,NA,NA
1953-05-01,3.05,2.16,26.700,NA,NA
1953-06-01,3.11,2.11,26.770,NA,NA
1953-07-01,2.93,2.04,26.790,NA,NA
1953-08-01,2.95,2.04,26.850,NA,NA
1953-09-01,2.87,1.79,26.890,NA,NA
1953-10-01,2.66,1.38,26.950,NA,NA
1953-11-01,2.68,1.44,26.850,NA,NA
1953-12-01,2.59,1.60,26.870,NA,NA
1954-01-01,2.48,1.18,26.940,NA,NA
1954-02-01,2.47,0.97,26.990,NA,NA
1954-03-01,2.37,1.03,26.930,NA,NA
1954-04-01,2.29,0.97,26.860,NA,NA
1954-05-01,2.37,0.76,26.930,NA,NA
1954-06-01,2.38,0.64,26.940,NA,NA
1954-07-01,2.30,0.72,26.860,NA,0.80
1954-08-01,2.36,0.92,26.850,NA,1.22
1954-09-01,2.38,1.01,26.810,NA,1.06
1954-10-01,2.43,0.98,26.720,NA,0.85
1954-11-01,2.48,0.93,26.780,NA,0.83
1954-12-01,2.51,1.15,26.770,NA,1.28
1955-01-01,2.61,1.22,26.770,NA,1.39
1955-02-01,2.65,1.17,26.820,NA,1.29
1955-03-01,2.68,1.28,26.790,NA,1.35
1955-04-01,2.75,1.59,26.790,NA,1.43
1955-05-01,2.76,1.45,26.770,NA,1.43
1955-06-01,2.78,1.41,26.710,NA,1.64
1955-07-01,2.90,1.60,26.760,NA,1.68
1955-08-01,2.97,1.90,26.720,NA,1.96
1955-09-01,2.97,2.07,26.850,NA,2.18
1955-10-01,2.88,2.23,26.820,NA,2.24
1955-11-01,2.89,2.24,26.880,NA,2.35
1955-12-01,2.96,2.54,26.870,NA,2.48
1956-01-01,2.90,2.41,26.830,NA,2.45
1956-02-01,2.84,2.32,26.860,NA,2.50
1956-03-01,2.96,2.25,26.890,NA,2.50
1956-04-01,3.18,2.60,26.930,NA,2.62
1956-05-01,3.07,2.61,27.030,NA,2.75
1956-06-01,3.00,2.49,27.150,NA,2.71
1956-07-01,3.11,2.31,27.290,NA,2.75
1956-08-01,3.33,2.60,27.310,NA,2.73
1956-09-01,3.38,2.84,27.350,NA,2.95
1956-10-01,3.34,2.90,27.510,NA,2.96
1956-11-01,3.49,2.99,27.510,NA,2.88
1956-12-01,3.59,3.21,27.630,NA,2.94
1957-01-01,3.46,3.11,27.670,NA,2.84
1957-02-01,3.34,3.10,27.800,NA,3.00
1957-03-01,3.41,3.08,27.860,NA,2.96
1957-04-01,3.48,3.07,27.930,NA,3.00
1957-05-01,3.60,3.06,28.000,NA,3.00
1957-06-01,3.80,3.29,28.110,NA,3.00
1957-07-01,3.93,3.16,28.190,NA,2.99
1957-08-01,3.93,3.37,28.280,NA,3.24
1957-09-01,3.92,3.53,28.320,NA,3.47
1957-10-01,3.97,3.58,28.320,NA,3.50
1957-11-01,3.72,3.31,28.410,NA,3.28
1957-12-01,3.21,3.04,28.470,NA,2.98
1958-01-01,3.09,2.44,28.640,NA,2.72
1958-02-01,3.05,1.53,28.700,NA,1.67
1958-03-01,2.98,1.30,28.870,NA,1.20
1958-04-01,2.88,1.13,28.940,NA,1.26
1958-05-01,2.92,0.91,28.940,NA,0.63
1958-06-01,2.97,0.83,28.910,NA,0.93
1958-07-01,3.20,0.91,28.890,NA,0.68
1958-08-01,3.54,1.69,28.940,NA,1.53
1958-09-01,3.76,2.44,28.910,NA,1.76
1958-10-01,3.80,2.63,28.910,NA,1.80
1958-11-01,3.74,2.67,28.950,NA,2.27
1958-12-01,3.86,2.77,28.970,NA,2.42
1959-01-01,4.02,2.82,29.010,18.166,2.48
1959-02-01,3.96,2.70,29.000,18.181,2.43
1959-03-01,3.99,2.80,28.970,18.193,2.80
1959-04-01,4.12,2.95,28.980,18.229,2.96
1959-05-01,4.31,2.84,29.040,18.238,2.90
1959-06-01,4.34,3.21,29.110,18.290,3.39
1959-07-01,4.40,3.20,29.150,18.328,3.47
1959-08-01,4.43,3.38,29.180,18.354,3.50
1959-09-01,4.68,4.04,29.250,18.402,3.76
1959-10-01,4.53,4.05,29.350,18.447,3.98
1959-11-01,4.53,4.15,29.350,18.458,4.00
1959-12-01,4.69,4.49,29.410,18.479,3.99
1960-01-01,4.72,4.35,29.370,18.470,3.99
1960-02-01,4.49,3.96,29.410,18.488,3.97
1960-03-01,4.25,3.31,29.410,18.499,3.84
1960-04-01,4.28,3.23,29.540,18.566,3.92
1960-05-01,4.35,3.29,29.570,18.586,3.85
1960-06-01,4.15,2.46,29.610,18.594,3.32
1960-07-01,3.90,2.30,29.550,18.629,3.23
1960-08-01,3.80,2.30,29.610,18.660,2.98
1960-09-01,3.80,2.48,29.610,18.672,2.60
1960-10-01,3.89,2.30,29.750,18.693,2.47
1960-11-01,3.93,2.37,29.780,18.757,2.44
1960-12-01,3.84,2.25,29.810,18.760,1.98
1961-01-01,3.84,2.24,29.840,18.763,1.45
1961-02-01,3.78,2.42,29.840,18.781,2.54
1961-03-01,3.74,2.39,29.840,18.770,2.02
1961-04-01,3.78,2.29,29.810,18.760,1.49
1961-05-01,3.71,2.29,29.840,18.770,1.98
1961-06-01,3.88,2.33,29.840,18.780,1.73
1961-07-01,3.92,2.24,29.920,18.820,1.17
1961-08-01,4.04,2.39,29.940,18.836,2.00
1961-09-01,3.98,2.28,29.980,18.858,1.88
1961-10-01,3.92,2.30,29.980,18.857,2.26
1961-11-01,3.94,2.48,29.980,18.859,2.61
1961-12-01,4.06,2.60,30.010,18.864,2.33
1962-01-01,4.08,2.72,30.040,18.901,2.15
1962-02-01,4.04,2.73,30.110,18.952,2.37
1962-03-01,3.93,2.72,30.170,18.976,2.85
1962-04-01,3.84,2.73,30.210,18.998,2.78
1962-05-01,3.87,2.69,30.240,19.009,2.36
1962-06-01,3.91,2.73,30.210,19.021,2.68
1962-07-01,4.01,2.92,30.220,19.010,2.71
1962-08-01,3.98,2.82,30.280,19.037,2.93
1962-09-01,3.98,2.78,30.420,19.129,2.90
1962-10-01,3.93,2.74,30.380,19.108,2.90
1962-11-01,3.92,2.83,30.380,19.122,2.94
1962-12-01,3.86,2.87,30.380,19.115,2.93
1963-01-01,3.83,2.91,30.440,19.163,2.92
1963-02-01,3.92,2.92,30.480,19.181,3.00
1963-03-01,3.93,2.89,30.510,19.165,2.98
1963-04-01,3.97,2.90,30.480,19.163,2.90
1963-05-01,3.93,2.93,30.510,19.193,3.00
1963-06-01,3.99,2.99,30.610,19.235,2.99
1963-07-01,4.02,3.18,30.690,19.272,3.02
1963-08-01,4.00,3.32,30.750,19.298,3.49
1963-09-01,4.08,3.38,30.720,19.294,3.48
1963-10-01,4.11,3.45,30.750,19.332,3.50
1963-11-01,4.12,3.52,30.780,19.359,3.48
1963-12-01,4.13,3.52,30.880,19.389,3.38
1964-01-01,4.17,3.52,30.940,19.430,3.48
1964-02-01,4.15,3.53,30.910,19.459,3.48
1964-03-01,4.22,3.54,30.940,19.471,3.43
1964-04-01,4.23,3.47,30.950,19.487,3.47
1964-05-01,4.20,3.48,30.980,19.489,3.50
1964-06-01,4.17,3.48,31.010,19.517,3.50
1964-07-01,4.19,3.46,31.020,19.543,3.42
1964-08-01,4.19,3.50,31.050,19.559,3.50
1964-09-01,4.20,3.53,31.080,19.589,3.45
1964-10-01,4.19,3.57,31.120,19.602,3.36
1964-11-01,4.15,3.64,31.210,19.629,3.52
1964-12-01,4.18,3.84,31.250,19.658,3.85
1965-01-01,4.19,3.81,31.280,19.679,3.90
1965-02-01,4.21,3.93,31.280,19.687,3.98
1965-03-01,4.21,3.93,31.310,19.712,4.04
1965-04-01,4.20,3.93,31.380,19.743,4.09
1965-05-01,4.21,3.89,31.480,19.787,4.10
1965-06-01,4.21,3.80,31.610,19.844,4.04
1965-07-01,4.20,3.84,31.580,19.859,4.09
1965-08-01,4.25,3.84,31.550,19.864,4.12
1965-09-01,4.29,3.92,31.620,19.873,4.01
1965-10-01,4.35,4.03,31.650,19.880,4.08
1965-11-01,4.45,4.09,31.750,19.913,4.10
1965-12-01,4.62,4.38,31.850,19.985,4.32
1966-01-01,4.61,4.59,31.880,20.009,4.42
1966-02-01,4.83,4.65,32.080,20.092,4.60
1966-03-01,4.87,4.59,32.180,20.141,4.65
1966-04-01,4.75,4.62,32.280,20.212,4.67
1966-05-01,4.78,4.64,32.350,20.237,4.90
1966-06-01,4.81,4.50,32.380,20.288,5.17
1966-07-01,5.02,4.80,32.450,20.328,5.30
1966-08-01,5.22,4.96,32.650,20.406,5.53
1966-09-01,5.18,5.37,32.750,20.471,5.40
1966-10-01,5.01,5.35,32.850,20.525,5.53
1966-11-01,5.16,5.32,32.880,20.556,5.76
1966-12-01,4.84,4.96,32.920,20.598,5.40
1967-01-01,4.58,4.72,32.900,20.600,4.94
1967-02-01,4.63,4.56,33.000,20.624,5.00
1967-03-01,4.54,4.26,33.000,20.635,4.53
1967-04-01,4.59,3.84,33.100,20.669,4.05
1967-05-01,4.85,3.60,33.100,20.709,3.94
1967-06-01,5.02,3.54,33.300,20.775,3.98
1967-07-01,5.16,4.21,33.400,20.845,3.79
1967-08-01,5.28,4.27,33.500,20.910,3.90
1967-09-01,5.30,4.42,33.600,20.973,3.99
1967-10-01,5.48,4.56,33.700,21.031,3.88
1967-11-01,5.75,4.73,33.900,21.100,4.13
1967-12-01,5.70,4.97,34.000,21.133,4.51
1968-01-01,5.53,5.00,34.100,21.230,4.60
1968-02-01,5.56,4.98,34.200,21.317,4.71
1968-03-01,5.74,5.17,34.300,21.386,5.05
1968-04-01,5.64,5.38,34.400,21.452,5.76
1968-05-01,5.87,5.66,34.500,21.532,6.11
1968-06-01,5.72,5.52,34.700,21.600,6.07
1968-07-01,5.50,5.31,34.900,21.666,6.02
1968-08-01,5.42,5.09,35.000,21.755,6.03
1968-09-01,5.46,5.19,35.100,21.831,5.78
1968-10-01,5.58,5.35,35.300,21.927,5.91
1968-11-01,5.70,5.45,35.400,22.002,5.82
1968-12-01,6.03,5.96,35.600,22.048,6.02
1969-01-01,6.04,6.14,35.700,22.136,6.30
1969-02-01,6.19,6.12,35.800,22.192,6.61
1969-03-01,6.30,6.02,36.100,22.297,6.79
1969-04-01,6.17,6.11,36.300,22.396,7.41
1969-05-01,6.32,6.04,36.400,22.487,8.67
1969-06-01,6.57,6.44,36.600,22.596,8.90
1969-07-01,6.72,7.00,36.800,22.695,8.61
1969-08-01,6.69,6.98,36.900,22.759,9.19
1969-09-01,7.16,7.09,37.100,22.854,9.15
1969-10-01,7.10,7.00,37.300,22.932,9.00
1969-11-01,7.14,7.24,37.500,23.031,8.85
1969-12-01,7.65,7.82,37.700,23.136,8.97
1970-01-01,7.79,7.87,37.900,23.219,8.98
1970-02-01,7.24,7.13,38.100,23.311,8.98
1970-03-01,7.07,6.63,38.300,23.369,7.76
1970-04-01,7.39,6.51,38.500,23.487,8.10
1970-05-01,7.91,6.84,38.600,23.562,7.94
1970-06-01,7.84,6.68,38.800,23.623,7.60
1970-07-01,7.46,6.45,38.900,23.710,7.21
1970-08-01,7.53,6.41,39.000,23.772,6.61
1970-09-01,7.39,6.12,39.200,23.879,6.29
1970-10-01,7.33,5.91,39.400,23.997,6.20
1970-11-01,6.84,5.28,39.600,24.092,5.60
1970-12-01,6.39,4.87,39.800,24.199,4.90
1971-01-01,6.24,4.44,39.900,24.250,4.14
1971-02-01,6.11,3.70,39.900,24.321,3.72
1971-03-01,5.70,3.38,40.000,24.402,3.71
1971-04-01,5.83,3.86,40.100,24.497,4.15
1971-05-01,6.39,4.14,40.300,24.599,4.63
1971-06-01,6.52,4.75,40.500,24.708,4.91
1971-07-01,6.73,5.40,40.600,24.783,5.31
1971-08-01,6.58,4.94,40.700,24.855,5.56
1971-09-01,6.14,4.69,40.800,24.892,5.55
1971-10-01,5.93,4.46,40.900,24.931,5.20
1971-11-01,5.81,4.22,41.000,24.982,4.91
1971-12-01,5.93,4.01,41.100,25.081,4.14
1972-01-01,5.95,3.38,41.200,25.184,3.50
1972-02-01,6.08,3.20,41.400,25.283,3.29
1972-03-01,6.07,3.73,41.400,25.320,3.83
1972-04-01,6.19,3.71,41.500,25.359,4.17
1972-05-01,6.13,3.69,41.600,25.414,4.27
1972-06-01,6.11,3.91,41.700,25.453,4.46
1972-07-01,6.11,3.98,41.800,25.544,4.55
1972-08-01,6.21,4.02,41.900,25.619,4.80
1972-09-01,6.55,4.66,42.100,25.734,4.87
1972-10-01,6.48,4.74,42.200,25.763,5.04
1972-11-01,6.28,4.78,42.400,25.840,5.06
1972-12-01,6.36,5.07,42.500,25.923,5.33
1973-01-01,6.46,5.41,42.700,26.001,5.94
1973-02-01,6.64,5.60,43.000,26.137,6.58
1973-03-01,6.71,6.09,43.400,26.322,7.09
1973-04-01,6.67,6.26,43.700,26.521,7.12
1973-05-01,6.85,6.36,43.900,26.650,7.84
1973-06-01,6.90,7.19,44.200,26.804,8.49
1973-07-01,7.13,8.01,44.200,26.901,10.40
1973-08-01,7.40,8.67,45.000,27.209,10.50
1973-09-01,7.09,8.29,45.200,27.318,10.78
1973-10-01,6.79,7.22,45.600,27.472,10.01
1973-11-01,6.73,7.83,45.900,27.698,10.03
1973-12-01,6.74,7.45,46.300,27.926,9.95
1974-01-01,6.99,7.77,46.800,28.193,9.65
1974-02-01,6.96,7.12,47.300,28.521,8.97
1974-03-01,7.21,7.96,47.800,28.853,9.35
1974-04-01,7.51,8.33,48.100,29.057,10.51
1974-05-01,7.58,8.23,48.600,29.342,11.31
1974-06-01,7.54,7.90,49.000,29.591,11.93
1974-07-01,7.81,7.55,49.300,29.811,12.92
1974-08-01,8.04,8.96,49.900,30.122,12.01
1974-09-01,8.04,8.06,50.600,30.435,11.34
1974-10-01,7.90,7.46,51.000,30.654,10.06
1974-11-01,7.68,7.47,51.500,30.885,9.45
1974-12-01,7.43,7.15,51.900,31.129,8.53
1975-01-01,7.50,6.26,52.300,31.323,7.13
1975-02-01,7.39,5.50,52.600,31.494,6.24
1975-03-01,7.73,5.49,52.800,31.601,5.54
1975-04-01,8.23,5.61,53.000,31.709,5.49
1975-05-01,8.06,5.23,53.100,31.837,5.22
1975-06-01,7.86,5.34,53.500,32.036,5.55
1975-07-01,8.06,6.13,54.000,32.311,6.10
1975-08-01,8.40,6.44,54.200,32.451,6.14
1975-09-01,8.43,6.42,54.600,32.612,6.24
1975-10-01,8.14,5.96,54.900,32.802,5.82
1975-11-01,8.05,5.48,55.300,33.012,5.22
1975-12-01,8.00,5.44,55.600,33.195,5.20
1976-01-01,7.74,4.87,55.800,33.321,4.87
1976-02-01,7.79,4.88,55.900,33.364,4.77
1976-03-01,7.73,5.00,56.000,33.414,4.84
1976-04-01,7.56,4.86,56.100,33.491,4.82
1976-05-01,7.90,5.20,56.400,33.649,5.29
1976-06-01,7.86,5.41,56.700,33.796,5.48
1976-07-01,7.83,5.23,57.000,33.967,5.31
1976-08-01,7.77,5.14,57.300,34.154,5.29
1976-09-01,7.59,5.08,57.600,34.346,5.25
1976-10-01,7.41,4.92,57.900,34.526,5.02
1976-11-01,7.29,4.75,58.100,34.682,4.95
1976-12-01,6.87,4.35,58.400,34.875,4.65
1977-01-01,7.21,4.62,58.700,35.074,4.61
1977-02-01,7.39,4.67,59.300,35.348,4.68
1977-03-01,7.46,4.60,59.600,35.524,4.69
1977-04-01,7.37,4.54,60.000,35.732,4.73
1977-05-01,7.46,4.96,60.200,35.914,5.35
1977-06-01,7.28,5.02,60.500,36.114,5.39
1977-07-01,7.33,5.19,60.800,36.304,5.42
1977-08-01,7.40,5.49,61.100,36.473,5.90
1977-09-01,7.34,5.81,61.300,36.612,6.14
1977-10-01,7.52,6.16,61.600,36.783,6.47
1977-11-01,7.58,6.10,62.000,36.996,6.51
1977-12-01,7.69,6.07,62.300,37.178,6.56
1978-01-01,7.96,6.44,62.700,37.401,6.70
1978-02-01,8.03,6.45,63.000,37.579,6.78
1978-03-01,8.04,6.29,63.400,37.824,6.79
1978-04-01,8.15,6.29,63.900,38.110,6.89
1978-05-01,8.35,6.41,64.500,38.383,7.36
1978-06-01,8.46,6.73,65.000,38.634,7.60
1978-07-01,8.64,7.01,65.500,38.846,7.81
1978-08-01,8.41,7.08,65.900,39.043,8.04
1978-09-01,8.42,7.85,66.500,39.266,8.45
1978-10-01,8.64,7.99,67.100,39.578,8.96
1978-11-01,8.81,8.64,67.500,39.802,9.76
1978-12-01,9.01,9.08,67.900,39.989,10.03
1979-01-01,9.10,9.35,68.500,40.288,10.07
1979-02-01,9.10,9.32,69.200,40.502,10.06
1979-03-01,9.12,9.48,69.900,40.818,10.09
1979-04-01,9.18,9.46,70.600,41.242,10.01
1979-05-01,9.25,9.61,71.400,41.668,10.24
1979-06-01,8.91,9.06,72.200,42.011,10.29
1979-07-01,8.95,9.24,73.000,42.329,10.47
1979-08-01,9.03,9.52,73.700,42.653,10.94
1979-09-01,9.33,10.26,74.400,43.029,11.43
1979-10-01,10.30,11.70,75.200,43.379,13.77
1979-11-01,10.65,11.79,76.000,43.679,13.18
1979-12-01,10.39,12.04,76.900,44.045,13.78
1980-01-01,10.80,12.00,78.000,44.504,13.82
1980-02-01,12.41,12.86,79.000,44.985,14.13
1980-03-01,12.75,15.20,80.100,45.535,17.19
1980-04-01,11.47,13.20,80.900,45.774,17.61
1980-05-01,10.18,8.58,81.700,46.131,10.98
1980-06-01,9.78,7.07,82.500,46.421,9.47
1980-07-01,10.25,8.06,82.600,46.779,9.03
1980-08-01,11.10,9.13,83.200,47.169,9.61
1980-09-01,11.51,10.27,83.900,47.605,10.87
1980-10-01,11.75,11.62,84.700,47.985,12.81
1980-11-01,12.68,13.73,85.600,48.375,15.85
1980-12-01,12.84,15.49,86.400,48.688,18.90
1981-01-01,12.57,15.02,87.200,49.157,19.08
1981-02-01,13.19,14.79,88.000,49.654,15.93
1981-03-01,13.12,13.36,88.600,50.000,14.70
1981-04-01,13.68,13.69,89.100,50.215,15.72
1981-05-01,14.10,16.30,89.700,50.440,18.52
1981-06-01,13.47,14.73,90.500,50.640,19.10
1981-07-01,14.28,14.95,91.500,50.945,19.04
1981-08-01,14.94,15.51,92.200,51.261,17.82
1981-09-01,15.32,14.70,93.100,51.570,15.87
1981-10-01,15.15,13.54,93.400,51.803,15.08
1981-11-01,13.39,10.86,93.800,52.078,13.31
1981-12-01,13.72,10.85,94.100,52.237,12.37
1982-01-01,14.59,12.28,94.400,52.544,13.22
1982-02-01,14.43,13.48,94.700,52.701,14.78
1982-03-01,13.86,12.68,94.700,52.834,14.68
1982-04-01,13.87,12.70,95.000,52.860,14.94
1982-05-01,13.62,12.09,95.900,53.172,14.45
1982-06-01,14.30,12.47,97.000,53.556,14.15
1982-07-01,13.95,11.35,97.500,53.873,12.59
1982-08-01,13.06,8.68,97.700,54.039,10.12
1982-09-01,12.34,7.92,97.700,54.190,10.31
1982-10-01,10.91,7.71,98.100,54.495,9.71
1982-11-01,10.55,8.07,98.000,54.661,9.20
1982-12-01,10.54,7.94,97.700,54.749,8.95
1983-01-01,10.46,7.86,97.900,55.017,8.68
1983-02-01,10.72,8.11,98.000,55.114,8.51
1983-03-01,10.51,8.35,98.100,55.189,8.77
1983-04-01,10.40,8.21,98.800,55.440,8.80
1983-05-01,10.38,8.19,99.200,55.599,8.63
1983-06-01,10.85,8.79,99.400,55.807,8.98
1983-07-01,11.38,9.08,99.800,56.122,9.37
1983-08-01,11.85,9.34,100.100,56.363,9.56
1983-09-01,11.65,9.00,100.400,56.560,9.45
1983-10-01,11.54,8.64,100.800,56.658,9.48
1983-11-01,11.69,8.76,101.100,56.739,9.34
1983-12-01,11.83,9.00,101.400,56.770,9.47
1984-01-01,11.67,8.90,102.100,57.015,9.56
1984-02-01,11.84,9.09,102.600,57.397,9.59
1984-03-01,12.32,9.52,102.900,57.585,9.91
1984-04-01,12.63,9.69,103.300,57.805,10.29
1984-05-01,13.41,9.83,103.500,57.878,10.32
1984-06-01,13.56,9.87,103.700,57.982,11.06
1984-07-01,13.36,10.12,104.100,58.190,11.23
1984-08-01,12.72,10.47,104.400,58.370,11.64
1984-09-01,12.52,10.37,104.700,58.451,11.30
1984-10-01,12.16,9.74,105.100,58.589,9.99
1984-11-01,11.57,8.61,105.300,58.673,9.43
1984-12-01,11.50,8.06,105.500,58.841,8.38
1985-01-01,11.38,7.76,105.700,59.094,8.35
1985-02-01,11.51,8.27,106.300,59.332,8.50
1985-03-01,11.86,8.52,106.800,59.549,8.58
1985-04-01,11.43,7.95,107.000,59.643,8.27
1985-05-01,10.85,7.48,107.200,59.767,7.97
1985-06-01,10.16,6.95,107.500,59.891,7.53
1985-07-01,10.31,7.08,107.700,59.990,7.88
1985-08-01,10.33,7.14,107.900,60.168,7.90
1985-09-01,10.37,7.10,108.100,60.282,7.92
1985-10-01,10.24,7.16,108.500,60.418,7.99
1985-11-01,9.78,7.24,109.000,60.620,8.05
1985-12-01,9.26,7.10,109.500,60.830,8.27
1986-01-01,9.19,7.07,109.900,61.095,8.14
1986-02-01,8.70,7.06,109.700,61.100,7.86
1986-03-01,7.78,6.56,109.100,60.987,7.48
1986-04-01,7.30,6.06,108.700,60.904,6.99
1986-05-01,7.71,6.15,109.000,61.060,6.85
1986-06-01,7.80,6.21,109.400,61.333,6.92
1986-07-01,7.30,5.83,109.500,61.397,6.56
1986-08-01,7.17,5.53,109.600,61.512,6.17
1986-09-01,7.45,5.21,110.000,61.738,5.89
1986-10-01,7.43,5.18,110.200,61.858,5.85
1986-11-01,7.25,5.35,110.400,62.000,6.04
1986-12-01,7.11,5.53,110.800,62.136,6.91
1987-01-01,7.08,5.43,111.400,62.532,6.43
1987-02-01,7.25,5.59,111.800,62.767,6.10
1987-03-01,7.25,5.59,112.200,62.918,6.13
1987-04-01,8.02,5.64,112.700,63.111,6.37
1987-05-01,8.61,5.66,113.000,63.256,6.85
1987-06-01,8.40,5.67,113.500,63.508,6.73
1987-07-01,8.45,5.69,113.800,63.689,6.58
1987-08-01,8.76,6.04,114.300,63.963,6.73
1987-09-01,9.42,6.40,114.700,64.182,7.22
1987-10-01,9.52,6.13,115.000,64.371,7.29
1987-11-01,8.86,5.69,115.400,64.494,6.69
1987-12-01,8.99,5.77,115.600,64.626,6.77
1988-01-01,8.67,5.81,116.000,64.902,6.83
1988-02-01,8.21,5.66,116.200,65.011,6.58
1988-03-01,8.37,5.70,116.500,65.235,6.58
1988-04-01,8.72,5.91,117.200,65.543,6.87
1988-05-01,9.09,6.26,117.500,65.730,7.09
1988-06-01,8.92,6.46,118.000,66.013,7.51
1988-07-01,9.06,6.73,118.500,66.341,7.75
1988-08-01,9.26,7.06,119.000,66.536,8.01
1988-09-01,8.98,7.24,119.500,66.846,8.19
1988-10-01,8.80,7.35,119.900,67.045,8.30
1988-11-01,8.96,7.76,120.300,67.194,8.35
1988-12-01,9.11,8.07,120.700,67.415,8.76
1989-01-01,9.09,8.27,121.200,67.782,9.12
1989-02-01,9.17,8.53,121.600,68.023,9.36
1989-03-01,9.36,8.82,122.200,68.276,9.85
1989-04-01,9.18,8.65,123.100,68.721,9.84
1989-05-01,8.86,8.43,123.700,68.958,9.81
1989-06-01,8.28,8.15,124.100,69.095,9.53
1989-07-01,8.02,7.88,124.500,69.249,9.24
1989-08-01,8.11,7.90,124.500,69.250,8.99
1989-09-01,8.19,7.75,124.800,69.402,9.02
1989-10-01,8.01,7.64,125.400,69.675,8.84
1989-11-01,7.87,7.69,125.900,69.833,8.55
1989-12-01,7.84,7.63,126.300,70.042,8.45
1990-01-01,8.21,7.64,127.500,70.583,8.23
1990-02-01,8.47,7.74,128.000,70.917,8.24
1990-03-01,8.59,7.90,128.600,71.224,8.28
1990-04-01,8.79,7.77,128.900,71.427,8.26
1990-05-01,8.76,7.74,129.100,71.630,8.18
1990-06-01,8.48,7.73,129.900,71.961,8.29
1990-07-01,8.47,7.62,130.500,72.129,8.15
1990-08-01,8.75,7.45,131.600,72.598,8.13
1990-09-01,8.89,7.36,132.500,73.036,8.20
1990-10-01,8.72,7.17,133.400,73.451,8.11
1990-11-01,8.39,7.06,133.700,73.555,7.81
1990-12-01,8.08,6.74,134.200,73.647,7.31
1991-01-01,8.09,6.22,134.700,73.964,6.91
1991-02-01,7.85,5.94,134.800,74.032,6.25
1991-03-01,8.11,5.91,134.800,74.068,6.12
1991-04-01,8.04,5.65,135.100,74.207,5.91
1991-05-01,8.07,5.46,135.600,74.526,5.78
1991-06-01,8.28,5.57,136.000,74.672,5.90
1991-07-01,8.27,5.58,136.200,74.816,5.82
1991-08-01,7.90,5.33,136.600,75.010,5.66
1991-09-01,7.65,5.22,137.000,75.281,5.45
1991-10-01,7.53,4.99,137.200,75.429,5.21
1991-11-01,7.42,4.56,137.800,75.617,4.81
1991-12-01,7.09,4.07,138.200,75.845,4.43
1992-01-01,7.03,3.80,138.300,76.006,4.03
1992-02-01,7.34,3.84,138.600,76.232,4.06
1992-03-01,7.54,4.04,139.100,76.433,3.98
1992-04-01,7.48,3.75,139.400,76.634,3.73
1992-05-01,7.39,3.63,139.700,76.738,3.82
1992-06-01,7.26,3.66,140.100,76.883,3.76
1992-07-01,6.84,3.21,140.500,77.149,3.25
1992-08-01,6.59,3.13,140.800,77.251,3.30
1992-09-01,6.42,2.91,141.100,77.364,3.22
1992-10-01,6.59,2.86,141.700,77.610,3.10
1992-11-01,6.87,3.13,142.100,77.734,3.09
1992-12-01,6.77,3.22,142.300,77.841,2.92
1993-01-01,6.60,3.00,142.800,77.998,3.02
1993-02-01,6.26,2.93,143.100,78.088,3.03
1993-03-01,5.98,2.95,143.300,78.220,3.07
1993-04-01,5.97,2.87,143.800,78.401,2.96
1993-05-01,6.04,2.96,144.200,78.616,3.00
1993-06-01,5.96,3.07,144.300,78.618,3.04
1993-07-01,5.81,3.04,144.500,78.722,3.06
1993-08-01,5.68,3.02,144.800,78.837,3.03
1993-09-01,5.36,2.95,145.000,78.905,3.09
1993-10-01,5.33,3.02,145.600,79.139,2.99
1993-11-01,5.72,3.10,146.000,79.286,3.02
1993-12-01,5.77,3.06,146.300,79.316,2.96
1994-01-01,5.75,2.98,146.300,79.366,3.05
1994-02-01,5.97,3.25,146.700,79.555,3.25
1994-03-01,6.48,3.50,147.100,79.762,3.34
1994-04-01,6.97,3.68,147.200,79.836,3.56
1994-05-01,7.18,4.14,147.500,79.951,4.01
1994-06-01,7.10,4.14,147.900,80.168,4.25
1994-07-01,7.30,4.33,148.400,80.464,4.26
1994-08-01,7.24,4.48,149.000,80.676,4.47
1994-09-01,7.46,4.62,149.300,80.773,4.73
1994-10-01,7.74,4.95,149.400,80.897,4.76
1994-11-01,7.96,5.29,149.800,81.051,5.29
1994-12-01,7.81,5.60,150.100,81.120,5.45
1995-01-01,7.78,5.71,150.500,81.305,5.53
1995-02-01,7.47,5.77,150.900,81.462,5.92
1995-03-01,7.20,5.73,151.200,81.614,5.98
1995-04-01,7.06,5.65,151.800,81.826,6.05
1995-05-01,6.63,5.67,152.100,81.949,6.01
1995-06-01,6.17,5.47,152.400,82.031,6.00
1995-07-01,6.28,5.42,152.600,82.142,5.85
1995-08-01,6.49,5.40,152.900,82.322,5.74
1995-09-01,6.20,5.28,153.100,82.378,5.80
1995-10-01,6.04,5.28,153.500,82.581,5.76
1995-11-01,5.93,5.36,153.700,82.581,5.80
1995-12-01,5.71,5.14,153.900,82.748,5.60
1996-01-01,5.65,5.00,154.700,82.949,5.56
1996-02-01,5.81,4.83,155.000,83.085,5.22
1996-03-01,6.27,4.96,155.500,83.328,5.31
1996-04-01,6.51,4.95,156.100,83.567,5.22
1996-05-01,6.74,5.02,156.400,83.706,5.24
1996-06-01,6.91,5.09,156.700,83.712,5.27
1996-07-01,6.87,5.15,157.000,83.906,5.40
1996-08-01,6.64,5.05,157.200,83.998,5.22
1996-09-01,6.83,5.09,157.700,84.231,5.30
1996-10-01,6.53,4.99,158.200,84.479,5.24
1996-11-01,6.20,5.03,158.700,84.643,5.31
1996-12-01,6.30,4.91,159.100,84.761,5.29
1997-01-01,6.58,5.03,159.400,84.901,5.25
1997-02-01,6.42,5.01,159.700,85.098,5.19
1997-03-01,6.69,5.14,159.800,85.195,5.39
1997-04-01,6.89,5.16,159.900,85.277,5.51
1997-05-01,6.71,5.05,159.900,85.246,5.50
1997-06-01,6.49,4.93,160.200,85.356,5.56
1997-07-01,6.22,5.05,160.400,85.411,5.52
1997-08-01,6.30,5.14,160.800,85.490,5.54
1997-09-01,6.21,4.95,161.200,85.699,5.54
1997-10-01,6.03,4.97,161.500,85.823,5.50
1997-11-01,5.88,5.14,161.700,85.852,5.52
1997-12-01,5.81,5.16,161.800,85.853,5.50
1998-01-01,5.54,5.04,162.000,85.901,5.56
1998-02-01,5.57,5.09,162.000,85.863,5.51
1998-03-01,5.65,5.03,162.000,85.886,5.49
1998-04-01,5.64,4.95,162.200,86.015,5.45
1998-05-01,5.65,5.00,162.600,86.149,5.49
1998-06-01,5.50,4.98,162.800,86.090,5.56
1998-07-01,5.46,4.96,163.200,86.302,5.54
1998-08-01,5.34,4.90,163.400,86.429,5.55
1998-09-01,4.81,4.61,163.500,86.388,5.51
1998-10-01,4.53,3.96,163.900,86.590,5.07
1998-11-01,4.83,4.41,164.100,86.611,4.83
1998-12-01,4.65,4.39,164.400,86.723,4.68
1999-01-01,4.72,4.34,164.700,86.894,4.63
1999-02-01,5.00,4.44,164.700,86.888,4.76
1999-03-01,5.23,4.44,164.800,86.961,4.81
1999-04-01,5.18,4.29,165.900,87.374,4.74
1999-05-01,5.54,4.50,166.000,87.417,4.74
1999-06-01,5.90,4.57,166.000,87.440,4.76
1999-07-01,5.79,4.55,166.700,87.673,4.99
1999-08-01,5.94,4.72,167.100,87.821,5.07
1999-09-01,5.92,4.68,167.800,88.110,5.22
1999-10-01,6.11,4.86,168.100,88.227,5.20
1999-11-01,6.03,5.07,168.400,88.298,5.42
1999-12-01,6.28,5.20,168.800,88.528,5.30
2000-01-01,6.66,5.32,169.300,88.809,5.45
2000-02-01,6.52,5.55,170.000,89.111,5.73
2000-03-01,6.26,5.69,171.000,89.499,5.85
2000-04-01,5.99,5.66,170.900,89.402,6.02
2000-05-01,6.44,5.79,171.200,89.456,6.27
2000-06-01,6.10,5.69,172.200,89.740,6.53
2000-07-01,6.05,5.96,172.700,89.941,6.54
2000-08-01,5.83,6.09,172.700,89.914,6.50
2000-09-01,5.80,6.00,173.600,90.300,6.52
2000-10-01,5.74,6.11,173.900,90.424,6.51
2000-11-01,5.72,6.17,174.200,90.550,6.51
2000-12-01,5.24,5.77,174.600,90.674,6.40
2001-01-01,5.16,5.15,175.600,91.092,5.98
2001-02-01,5.10,4.88,176.000,91.224,5.49
2001-03-01,4.89,4.42,176.100,91.233,5.31
2001-04-01,5.14,3.87,176.400,91.401,4.80
2001-05-01,5.39,3.62,177.300,91.650,4.21
2001-06-01,5.28,3.49,177.700,91.804,3.97
2001-07-01,5.24,3.51,177.400,91.748,3.77
2001-08-01,4.97,3.36,177.400,91.728,3.65
2001-09-01,4.73,2.64,178.100,91.427,3.07
2001-10-01,4.57,2.16,177.600,91.753,2.49
2001-11-01,4.65,1.87,177.500,91.690,2.09
2001-12-01,5.09,1.69,177.400,91.610,1.82
2002-01-01,5.04,1.65,177.700,91.701,1.73
2002-02-01,4.91,1.73,178.000,91.858,1.74
2002-03-01,5.28,1.79,178.500,92.131,1.73
2002-04-01,5.21,1.72,179.300,92.534,1.75
2002-05-01,5.16,1.73,179.500,92.597,1.75
2002-06-01,4.93,1.70,179.600,92.710,1.75
2002-07-01,4.65,1.68,180.000,92.911,1.73
2002-08-01,4.26,1.62,180.500,93.086,1.74
2002-09-01,3.87,1.63,180.800,93.249,1.75
2002-10-01,3.94,1.58,181.200,93.427,1.75
2002-11-01,4.05,1.23,181.500,93.528,1.34
2002-12-01,4.03,1.19,181.800,93.606,1.24
2003-01-01,4.05,1.17,182.600,93.853,1.24
2003-02-01,3.90,1.17,183.600,94.245,1.26
2003-03-01,3.81,1.13,183.900,94.479,1.25
2003-04-01,3.96,1.13,183.200,94.315,1.26
2003-05-01,3.57,1.07,182.900,94.182,1.26
2003-06-01,3.33,0.92,183.100,94.291,1.22
2003-07-01,3.98,0.90,183.700,94.554,1.01
2003-08-01,4.45,0.95,184.500,94.879,1.03
2003-09-01,4.27,0.94,185.100,95.181,1.01
2003-10-01,4.29,0.92,184.900,95.162,1.01
2003-11-01,4.30,0.93,185.000,95.266,1.00
2003-12-01,4.27,0.90,185.500,95.496,0.98
2004-01-01,4.15,0.88,186.300,95.872,1.00
2004-02-01,4.08,0.93,186.700,96.114,1.01
2004-03-01,3.83,0.94,187.100,96.300,1.00
2004-04-01,4.35,0.94,187.400,96.459,1.00
2004-05-01,4.72,1.02,188.200,96.811,1.00
2004-06-01,4.73,1.27,188.900,97.141,1.03
2004-07-01,4.50,1.33,189.100,97.291,1.26
2004-08-01,4.28,1.48,189.200,97.369,1.43
2004-09-01,4.13,1.65,189.800,97.540,1.61
2004-10-01,4.10,1.76,190.800,97.929,1.76
2004-11-01,4.19,2.07,191.700,98.281,1.93
2004-12-01,4.23,2.19,191.700,98.340,2.16
2005-01-01,4.22,2.33,191.600,98.465,2.28
2005-02-01,4.17,2.54,192.400,98.759,2.50
2005-03-01,4.50,2.74,193.100,99.071,2.63
2005-04-01,4.34,2.78,193.700,99.376,2.79
2005-05-01,4.14,2.84,193.600,99.343,3.00
2005-06-01,4.00,2.97,193.700,99.398,3.04
2005-07-01,4.18,3.22,194.900,99.828,3.26
2005-08-01,4.26,3.44,196.100,100.283,3.50
2005-09-01,4.20,3.42,198.800,101.363,3.62
2005-10-01,4.46,3.71,199.100,101.554,3.78
2005-11-01,4.54,3.88,198.100,101.291,4.00
2005-12-01,4.47,3.89,198.100,101.269,4.16
2006-01-01,4.42,4.24,199.300,101.716,4.29
2006-02-01,4.57,4.43,199.400,101.756,4.49
2006-03-01,4.72,4.51,199.700,101.909,4.59
2006-04-01,4.99,4.60,200.700,102.314,4.79
2006-05-01,5.11,4.72,201.300,102.569,4.94
2006-06-01,5.11,4.79,201.800,102.761,4.99
2006-07-01,5.09,4.95,202.900,103.090,5.24
2006-08-01,4.88,4.96,203.800,103.489,5.25
2006-09-01,4.72,4.81,202.800,103.279,5.25
2006-10-01,4.73,4.92,201.900,103.042,5.25
2006-11-01,4.60,4.94,202.000,103.173,5.25
2006-12-01,4.56,4.85,203.100,103.575,5.24
2007-01-01,4.76,4.98,203.379,103.881,5.25
2007-02-01,4.72,5.03,204.238,104.256,5.26
2007-03-01,4.56,4.94,205.247,104.663,5.26
2007-04-01,4.69,4.87,206.010,104.899,5.25
2007-05-01,4.75,4.73,206.813,105.204,5.25
2007-06-01,5.10,4.61,207.162,105.371,5.25
2007-07-01,5.00,4.82,207.655,105.551,5.26
2007-08-01,4.67,4.20,207.689,105.627,5.02
2007-09-01,4.52,3.89,208.467,106.038,4.94
2007-10-01,4.53,3.90,209.156,106.335,4.76
2007-11-01,4.15,3.27,210.810,106.916,4.49
2007-12-01,4.10,3.00,211.416,107.248,4.24
2008-01-01,3.74,2.75,212.180,107.566,3.94
2008-02-01,3.74,2.12,212.684,107.807,2.98
2008-03-01,3.51,1.26,213.464,108.184,2.61
2008-04-01,3.68,1.29,214.118,108.529,2.28
2008-05-01,3.88,1.73,215.304,108.977,1.98
2008-06-01,4.10,1.86,217.235,109.650,2.00
2008-07-01,4.01,1.63,219.133,110.235,2.01
2008-08-01,3.89,1.72,218.780,110.143,2.00
2008-09-01,3.69,1.13,218.852,110.275,1.81
2008-10-01,3.81,0.67,216.930,109.710,0.97
2008-11-01,3.53,0.19,213.002,108.395,0.39
2008-12-01,2.42,0.03,211.327,107.847,0.16
2009-01-01,2.52,0.13,211.903,108.014,0.15
2009-02-01,2.87,0.30,212.879,108.333,0.22
2009-03-01,2.82,0.21,212.572,108.235,0.18
2009-04-01,2.93,0.16,212.799,108.420,0.15
2009-05-01,3.29,0.18,213.078,108.557,0.18
2009-06-01,3.72,0.18,214.527,109.133,0.21
2009-07-01,3.56,0.18,214.782,109.229,0.16
2009-08-01,3.59,0.17,215.519,109.560,0.16
2009-09-01,3.40,0.12,215.956,109.750,0.15
2009-10-01,3.39,0.07,216.445,110.101,0.12
2009-11-01,3.40,0.05,216.956,110.316,0.12
2009-12-01,3.59,0.05,217.158,110.380,0.12
2010-01-01,3.73,0.06,217.458,110.654,0.11
2010-02-01,3.69,0.11,217.562,110.747,0.13
2010-03-01,3.73,0.15,217.611,110.921,0.16
2010-04-01,3.85,0.16,217.625,110.962,0.20
2010-05-01,3.42,0.16,217.320,110.906,0.20
2010-06-01,3.20,0.12,216.865,110.726,0.18
2010-07-01,3.01,0.16,217.621,110.974,0.18
2010-08-01,2.70,0.16,218.068,111.153,0.19
2010-09-01,2.65,0.15,218.427,111.281,0.19
2010-10-01,2.54,0.13,218.970,111.522,0.19
2010-11-01,2.76,0.14,219.240,111.609,0.19
2010-12-01,3.29,0.14,220.186,111.889,0.18
2011-01-01,3.39,0.15,221.062,112.299,0.17
2011-02-01,3.58,0.13,222.270,112.747,0.16
2011-03-01,3.41,0.10,223.490,113.194,0.14
2011-04-01,3.46,0.06,224.433,113.560,0.10
2011-05-01,3.17,0.04,224.804,113.755,0.09
2011-06-01,3.00,0.04,224.304,113.610,0.09
2011-07-01,3.00,0.04,225.425,114.031,0.07
2011-08-01,2.30,0.02,226.268,NA,0.10
